blockchain,name,contract_address,token_id,collection_slug
ETH,Wiz #999,0x00dca92b7fbd0c01f3508756718807836ec82156,999,gotcha-gatcha-nft
ETH,Snally #998,0x00dca92b7fbd0c01f3508756718807836ec82156,998,gotcha-gatcha-nft
ETH,Snally #997,0x00dca92b7fbd0c01f3508756718807836ec82156,997,gotcha-gatcha-nft
ETH,Fellie #996,0x00dca92b7fbd0c01f3508756718807836ec82156,996,gotcha-gatcha-nft
ETH,Fellie #995,0x00dca92b7fbd0c01f3508756718807836ec82156,995,gotcha-gatcha-nft
ETH,Snallpocalypse #994,0x00dca92b7fbd0c01f3508756718807836ec82156,994,gotcha-gatcha-nft
ETH,Snally #993,0x00dca92b7fbd0c01f3508756718807836ec82156,993,gotcha-gatcha-nft
ETH,The Orb of Akhmanu,0x00dca92b7fbd0c01f3508756718807836ec82156,992,gotcha-gatcha-nft
ETH,Wiz #991,0x00dca92b7fbd0c01f3508756718807836ec82156,991,gotcha-gatcha-nft
ETH,Recycle Bin #990,0x00dca92b7fbd0c01f3508756718807836ec82156,990,gotcha-gatcha-nft
ETH,Wiz #989,0x00dca92b7fbd0c01f3508756718807836ec82156,989,gotcha-gatcha-nft
ETH,Galaxy Wiz #988,0x00dca92b7fbd0c01f3508756718807836ec82156,988,gotcha-gatcha-nft
ETH,The Orb of Akhmanu,0x00dca92b7fbd0c01f3508756718807836ec82156,987,gotcha-gatcha-nft
ETH,Starla #986,0x00dca92b7fbd0c01f3508756718807836ec82156,986,gotcha-gatcha-nft
ETH,Blaze #985,0x00dca92b7fbd0c01f3508756718807836ec82156,985,gotcha-gatcha-nft
ETH,Fellie #984,0x00dca92b7fbd0c01f3508756718807836ec82156,984,gotcha-gatcha-nft
ETH,Snally #983,0x00dca92b7fbd0c01f3508756718807836ec82156,983,gotcha-gatcha-nft
ETH,The Orb of Akhmanu,0x00dca92b7fbd0c01f3508756718807836ec82156,982,gotcha-gatcha-nft
ETH,Wiz #981,0x00dca92b7fbd0c01f3508756718807836ec82156,981,gotcha-gatcha-nft
ETH,Fellie #980,0x00dca92b7fbd0c01f3508756718807836ec82156,980,gotcha-gatcha-nft
ETH,Nomen #979,0x00dca92b7fbd0c01f3508756718807836ec82156,979,gotcha-gatcha-nft
ETH,Snally #978,0x00dca92b7fbd0c01f3508756718807836ec82156,978,gotcha-gatcha-nft
ETH,Starla #977,0x00dca92b7fbd0c01f3508756718807836ec82156,977,gotcha-gatcha-nft
ETH,Snally #976,0x00dca92b7fbd0c01f3508756718807836ec82156,976,gotcha-gatcha-nft
ETH,Starla #975,0x00dca92b7fbd0c01f3508756718807836ec82156,975,gotcha-gatcha-nft
ETH,Starla #974,0x00dca92b7fbd0c01f3508756718807836ec82156,974,gotcha-gatcha-nft
ETH,Starla #973,0x00dca92b7fbd0c01f3508756718807836ec82156,973,gotcha-gatcha-nft
ETH,Wiz #972,0x00dca92b7fbd0c01f3508756718807836ec82156,972,gotcha-gatcha-nft
ETH,The Orb of Akhmanu,0x00dca92b7fbd0c01f3508756718807836ec82156,971,gotcha-gatcha-nft
ETH,The Orb of Akhmanu,0x00dca92b7fbd0c01f3508756718807836ec82156,970,gotcha-gatcha-nft
ETH,The Orb of Akhmanu,0x00dca92b7fbd0c01f3508756718807836ec82156,969,gotcha-gatcha-nft
ETH,The Orb of Akhmanu,0x00dca92b7fbd0c01f3508756718807836ec82156,968,gotcha-gatcha-nft
ETH,The Orb of Akhmanu,0x00dca92b7fbd0c01f3508756718807836ec82156,967,gotcha-gatcha-nft
ETH,Fellie #966,0x00dca92b7fbd0c01f3508756718807836ec82156,966,gotcha-gatcha-nft
ETH,Fellie #965,0x00dca92b7fbd0c01f3508756718807836ec82156,965,gotcha-gatcha-nft
ETH,Gatcha #964,0x00dca92b7fbd0c01f3508756718807836ec82156,964,gotcha-gatcha-nft
ETH,Snally #963,0x00dca92b7fbd0c01f3508756718807836ec82156,963,gotcha-gatcha-nft
ETH,Snally #962,0x00dca92b7fbd0c01f3508756718807836ec82156,962,gotcha-gatcha-nft
ETH,Gatcha #961,0x00dca92b7fbd0c01f3508756718807836ec82156,961,gotcha-gatcha-nft
ETH,Fellie #960,0x00dca92b7fbd0c01f3508756718807836ec82156,960,gotcha-gatcha-nft
ETH,Starla #959,0x00dca92b7fbd0c01f3508756718807836ec82156,959,gotcha-gatcha-nft
ETH,Noman #958,0x00dca92b7fbd0c01f3508756718807836ec82156,958,gotcha-gatcha-nft
ETH,Fellie #957,0x00dca92b7fbd0c01f3508756718807836ec82156,957,gotcha-gatcha-nft
ETH,The Orb of Akhmanu,0x00dca92b7fbd0c01f3508756718807836ec82156,956,gotcha-gatcha-nft
ETH,Starla #955,0x00dca92b7fbd0c01f3508756718807836ec82156,955,gotcha-gatcha-nft
ETH,Starla #954,0x00dca92b7fbd0c01f3508756718807836ec82156,954,gotcha-gatcha-nft
ETH,Mekans #953,0x00dca92b7fbd0c01f3508756718807836ec82156,953,gotcha-gatcha-nft
ETH,Snally #952,0x00dca92b7fbd0c01f3508756718807836ec82156,952,gotcha-gatcha-nft
ETH,Wiz #951,0x00dca92b7fbd0c01f3508756718807836ec82156,951,gotcha-gatcha-nft
ETH,Wiz #950,0x00dca92b7fbd0c01f3508756718807836ec82156,950,gotcha-gatcha-nft
ETH,Snally #949,0x00dca92b7fbd0c01f3508756718807836ec82156,949,gotcha-gatcha-nft
ETH,Snally #948,0x00dca92b7fbd0c01f3508756718807836ec82156,948,gotcha-gatcha-nft
ETH,The Orb of Akhmanu,0x00dca92b7fbd0c01f3508756718807836ec82156,947,gotcha-gatcha-nft
ETH,Blaze #946,0x00dca92b7fbd0c01f3508756718807836ec82156,946,gotcha-gatcha-nft
ETH,Mekans #945,0x00dca92b7fbd0c01f3508756718807836ec82156,945,gotcha-gatcha-nft
ETH,Snally #944,0x00dca92b7fbd0c01f3508756718807836ec82156,944,gotcha-gatcha-nft
ETH,Snally #943,0x00dca92b7fbd0c01f3508756718807836ec82156,943,gotcha-gatcha-nft
ETH,Starla #942,0x00dca92b7fbd0c01f3508756718807836ec82156,942,gotcha-gatcha-nft
ETH,Nomen #941,0x00dca92b7fbd0c01f3508756718807836ec82156,941,gotcha-gatcha-nft
ETH,The Orb of Akhmanu,0x00dca92b7fbd0c01f3508756718807836ec82156,940,gotcha-gatcha-nft
ETH,Gatcha #939,0x00dca92b7fbd0c01f3508756718807836ec82156,939,gotcha-gatcha-nft
ETH,Wiz #938,0x00dca92b7fbd0c01f3508756718807836ec82156,938,gotcha-gatcha-nft
ETH,Starla #937,0x00dca92b7fbd0c01f3508756718807836ec82156,937,gotcha-gatcha-nft
ETH,The Orb of Akhmanu,0x00dca92b7fbd0c01f3508756718807836ec82156,936,gotcha-gatcha-nft
ETH,Starla #935,0x00dca92b7fbd0c01f3508756718807836ec82156,935,gotcha-gatcha-nft
ETH,Nomen #934,0x00dca92b7fbd0c01f3508756718807836ec82156,934,gotcha-gatcha-nft
ETH,Fellie #933,0x00dca92b7fbd0c01f3508756718807836ec82156,933,gotcha-gatcha-nft
ETH,Starla #932,0x00dca92b7fbd0c01f3508756718807836ec82156,932,gotcha-gatcha-nft
ETH,Snally #931,0x00dca92b7fbd0c01f3508756718807836ec82156,931,gotcha-gatcha-nft
ETH,Mekans #930,0x00dca92b7fbd0c01f3508756718807836ec82156,930,gotcha-gatcha-nft
ETH,Snally #929,0x00dca92b7fbd0c01f3508756718807836ec82156,929,gotcha-gatcha-nft
ETH,Starla #928,0x00dca92b7fbd0c01f3508756718807836ec82156,928,gotcha-gatcha-nft
ETH,Starla #927,0x00dca92b7fbd0c01f3508756718807836ec82156,927,gotcha-gatcha-nft
ETH,Nomen #926,0x00dca92b7fbd0c01f3508756718807836ec82156,926,gotcha-gatcha-nft
ETH,Starla #925,0x00dca92b7fbd0c01f3508756718807836ec82156,925,gotcha-gatcha-nft
ETH,Rainbow Fellie #924,0x00dca92b7fbd0c01f3508756718807836ec82156,924,gotcha-gatcha-nft
ETH,Wiz #923,0x00dca92b7fbd0c01f3508756718807836ec82156,923,gotcha-gatcha-nft
ETH,Wiz #922,0x00dca92b7fbd0c01f3508756718807836ec82156,922,gotcha-gatcha-nft
ETH,Blaze #921,0x00dca92b7fbd0c01f3508756718807836ec82156,921,gotcha-gatcha-nft
ETH,Fellie #920,0x00dca92b7fbd0c01f3508756718807836ec82156,920,gotcha-gatcha-nft
ETH,Mekans #919,0x00dca92b7fbd0c01f3508756718807836ec82156,919,gotcha-gatcha-nft
ETH,Starla #918,0x00dca92b7fbd0c01f3508756718807836ec82156,918,gotcha-gatcha-nft
ETH,Wiz #917,0x00dca92b7fbd0c01f3508756718807836ec82156,917,gotcha-gatcha-nft
ETH,Nomen #916,0x00dca92b7fbd0c01f3508756718807836ec82156,916,gotcha-gatcha-nft
ETH,Snally #915,0x00dca92b7fbd0c01f3508756718807836ec82156,915,gotcha-gatcha-nft
ETH,Wiz #914,0x00dca92b7fbd0c01f3508756718807836ec82156,914,gotcha-gatcha-nft
ETH,Mekans #913,0x00dca92b7fbd0c01f3508756718807836ec82156,913,gotcha-gatcha-nft
ETH,Snally #912,0x00dca92b7fbd0c01f3508756718807836ec82156,912,gotcha-gatcha-nft
ETH,Fellie #911,0x00dca92b7fbd0c01f3508756718807836ec82156,911,gotcha-gatcha-nft
ETH,Starla #910,0x00dca92b7fbd0c01f3508756718807836ec82156,910,gotcha-gatcha-nft
ETH,Nomen #909,0x00dca92b7fbd0c01f3508756718807836ec82156,909,gotcha-gatcha-nft
ETH,Fellie #908,0x00dca92b7fbd0c01f3508756718807836ec82156,908,gotcha-gatcha-nft
ETH,Fellie #907,0x00dca92b7fbd0c01f3508756718807836ec82156,907,gotcha-gatcha-nft
ETH,Nomen #906,0x00dca92b7fbd0c01f3508756718807836ec82156,906,gotcha-gatcha-nft
ETH,Snally #905,0x00dca92b7fbd0c01f3508756718807836ec82156,905,gotcha-gatcha-nft
ETH,Wiz #904,0x00dca92b7fbd0c01f3508756718807836ec82156,904,gotcha-gatcha-nft
ETH,Starla #903,0x00dca92b7fbd0c01f3508756718807836ec82156,903,gotcha-gatcha-nft
ETH,Starla #902,0x00dca92b7fbd0c01f3508756718807836ec82156,902,gotcha-gatcha-nft
ETH,Nomen #901,0x00dca92b7fbd0c01f3508756718807836ec82156,901,gotcha-gatcha-nft
ETH,Starla #900,0x00dca92b7fbd0c01f3508756718807836ec82156,900,gotcha-gatcha-nft
ETH,Mekans #899,0x00dca92b7fbd0c01f3508756718807836ec82156,899,gotcha-gatcha-nft
ETH,Starla #898,0x00dca92b7fbd0c01f3508756718807836ec82156,898,gotcha-gatcha-nft
ETH,Snally #897,0x00dca92b7fbd0c01f3508756718807836ec82156,897,gotcha-gatcha-nft
ETH,Starla #896,0x00dca92b7fbd0c01f3508756718807836ec82156,896,gotcha-gatcha-nft
ETH,Wiz #895,0x00dca92b7fbd0c01f3508756718807836ec82156,895,gotcha-gatcha-nft
ETH,Wiz #894,0x00dca92b7fbd0c01f3508756718807836ec82156,894,gotcha-gatcha-nft
ETH,The Orb of Akhmanu,0x00dca92b7fbd0c01f3508756718807836ec82156,893,gotcha-gatcha-nft
ETH,Mech Wiz #892,0x00dca92b7fbd0c01f3508756718807836ec82156,892,gotcha-gatcha-nft
ETH,Fellie #891,0x00dca92b7fbd0c01f3508756718807836ec82156,891,gotcha-gatcha-nft
ETH,Gatcha #890,0x00dca92b7fbd0c01f3508756718807836ec82156,890,gotcha-gatcha-nft
ETH,Snally #889,0x00dca92b7fbd0c01f3508756718807836ec82156,889,gotcha-gatcha-nft
ETH,Cone Wiz #888,0x00dca92b7fbd0c01f3508756718807836ec82156,888,gotcha-gatcha-nft
ETH,Snally #887,0x00dca92b7fbd0c01f3508756718807836ec82156,887,gotcha-gatcha-nft
ETH,Wiz #886,0x00dca92b7fbd0c01f3508756718807836ec82156,886,gotcha-gatcha-nft
ETH,Wiz #885,0x00dca92b7fbd0c01f3508756718807836ec82156,885,gotcha-gatcha-nft
ETH,Fellie #884,0x00dca92b7fbd0c01f3508756718807836ec82156,884,gotcha-gatcha-nft
ETH,Mekans #883,0x00dca92b7fbd0c01f3508756718807836ec82156,883,gotcha-gatcha-nft
ETH,Snally #882,0x00dca92b7fbd0c01f3508756718807836ec82156,882,gotcha-gatcha-nft
ETH,Mekans #881,0x00dca92b7fbd0c01f3508756718807836ec82156,881,gotcha-gatcha-nft
ETH,Wiz #880,0x00dca92b7fbd0c01f3508756718807836ec82156,880,gotcha-gatcha-nft
ETH,Angelly #879,0x00dca92b7fbd0c01f3508756718807836ec82156,879,gotcha-gatcha-nft
ETH,The Orb of Akhmanu,0x00dca92b7fbd0c01f3508756718807836ec82156,878,gotcha-gatcha-nft
ETH,Snally #877,0x00dca92b7fbd0c01f3508756718807836ec82156,877,gotcha-gatcha-nft
ETH,Snally #876,0x00dca92b7fbd0c01f3508756718807836ec82156,876,gotcha-gatcha-nft
ETH,Fellie #875,0x00dca92b7fbd0c01f3508756718807836ec82156,875,gotcha-gatcha-nft
ETH,Mekans #874,0x00dca92b7fbd0c01f3508756718807836ec82156,874,gotcha-gatcha-nft
ETH,Snally #873,0x00dca92b7fbd0c01f3508756718807836ec82156,873,gotcha-gatcha-nft
ETH,The Orb of Akhmanu,0x00dca92b7fbd0c01f3508756718807836ec82156,872,gotcha-gatcha-nft
ETH,Snally #871,0x00dca92b7fbd0c01f3508756718807836ec82156,871,gotcha-gatcha-nft
ETH,Starla #870,0x00dca92b7fbd0c01f3508756718807836ec82156,870,gotcha-gatcha-nft
ETH,Star Control #869,0x00dca92b7fbd0c01f3508756718807836ec82156,869,gotcha-gatcha-nft
ETH,Starla #868,0x00dca92b7fbd0c01f3508756718807836ec82156,868,gotcha-gatcha-nft
ETH,Nomen #867,0x00dca92b7fbd0c01f3508756718807836ec82156,867,gotcha-gatcha-nft
ETH,Fellie #866,0x00dca92b7fbd0c01f3508756718807836ec82156,866,gotcha-gatcha-nft
ETH,Wiz #865,0x00dca92b7fbd0c01f3508756718807836ec82156,865,gotcha-gatcha-nft
ETH,Wiz #864,0x00dca92b7fbd0c01f3508756718807836ec82156,864,gotcha-gatcha-nft
ETH,Snally #863,0x00dca92b7fbd0c01f3508756718807836ec82156,863,gotcha-gatcha-nft
ETH,Mekans #862,0x00dca92b7fbd0c01f3508756718807836ec82156,862,gotcha-gatcha-nft
ETH,Star Sith #861,0x00dca92b7fbd0c01f3508756718807836ec82156,861,gotcha-gatcha-nft
ETH,Snally #860,0x00dca92b7fbd0c01f3508756718807836ec82156,860,gotcha-gatcha-nft
ETH,Snall O Lantern #859,0x00dca92b7fbd0c01f3508756718807836ec82156,859,gotcha-gatcha-nft
ETH,Fellie #858,0x00dca92b7fbd0c01f3508756718807836ec82156,858,gotcha-gatcha-nft
ETH,Mekans #857,0x00dca92b7fbd0c01f3508756718807836ec82156,857,gotcha-gatcha-nft
ETH,Wiz #856,0x00dca92b7fbd0c01f3508756718807836ec82156,856,gotcha-gatcha-nft
ETH,Snally #855,0x00dca92b7fbd0c01f3508756718807836ec82156,855,gotcha-gatcha-nft
ETH,Area Fifty Wiz #854,0x00dca92b7fbd0c01f3508756718807836ec82156,854,gotcha-gatcha-nft
ETH,Snallden #853,0x00dca92b7fbd0c01f3508756718807836ec82156,853,gotcha-gatcha-nft
ETH,Fellie #852,0x00dca92b7fbd0c01f3508756718807836ec82156,852,gotcha-gatcha-nft
ETH,Nomen #851,0x00dca92b7fbd0c01f3508756718807836ec82156,851,gotcha-gatcha-nft
ETH,Starla #850,0x00dca92b7fbd0c01f3508756718807836ec82156,850,gotcha-gatcha-nft
ETH,Starla #849,0x00dca92b7fbd0c01f3508756718807836ec82156,849,gotcha-gatcha-nft
ETH,Gatcha #827,0x00dca92b7fbd0c01f3508756718807836ec82156,827,gotcha-gatcha-nft
ETH,Snally #834,0x00dca92b7fbd0c01f3508756718807836ec82156,834,gotcha-gatcha-nft
ETH,Snally #848,0x00dca92b7fbd0c01f3508756718807836ec82156,848,gotcha-gatcha-nft
ETH,Snally #847,0x00dca92b7fbd0c01f3508756718807836ec82156,847,gotcha-gatcha-nft
ETH,Starla #846,0x00dca92b7fbd0c01f3508756718807836ec82156,846,gotcha-gatcha-nft
ETH,Wiz #845,0x00dca92b7fbd0c01f3508756718807836ec82156,845,gotcha-gatcha-nft
ETH,Wiz #844,0x00dca92b7fbd0c01f3508756718807836ec82156,844,gotcha-gatcha-nft
ETH,Star Voodoo #843,0x00dca92b7fbd0c01f3508756718807836ec82156,843,gotcha-gatcha-nft
ETH,Snally #842,0x00dca92b7fbd0c01f3508756718807836ec82156,842,gotcha-gatcha-nft
ETH,Fellie #841,0x00dca92b7fbd0c01f3508756718807836ec82156,841,gotcha-gatcha-nft
ETH,Snally #825,0x00dca92b7fbd0c01f3508756718807836ec82156,825,gotcha-gatcha-nft
ETH,Mekans #835,0x00dca92b7fbd0c01f3508756718807836ec82156,835,gotcha-gatcha-nft
ETH,Fellie #832,0x00dca92b7fbd0c01f3508756718807836ec82156,832,gotcha-gatcha-nft
ETH,King of Wiz #836,0x00dca92b7fbd0c01f3508756718807836ec82156,836,gotcha-gatcha-nft
ETH,Starla #840,0x00dca92b7fbd0c01f3508756718807836ec82156,840,gotcha-gatcha-nft
ETH,Blaze #839,0x00dca92b7fbd0c01f3508756718807836ec82156,839,gotcha-gatcha-nft
ETH,Wiz #838,0x00dca92b7fbd0c01f3508756718807836ec82156,838,gotcha-gatcha-nft
ETH,Fellie #837,0x00dca92b7fbd0c01f3508756718807836ec82156,837,gotcha-gatcha-nft
ETH,Starla #828,0x00dca92b7fbd0c01f3508756718807836ec82156,828,gotcha-gatcha-nft
ETH,Starla #829,0x00dca92b7fbd0c01f3508756718807836ec82156,829,gotcha-gatcha-nft
ETH,Snally #833,0x00dca92b7fbd0c01f3508756718807836ec82156,833,gotcha-gatcha-nft
ETH,Mekans #831,0x00dca92b7fbd0c01f3508756718807836ec82156,831,gotcha-gatcha-nft
ETH,Wiz #830,0x00dca92b7fbd0c01f3508756718807836ec82156,830,gotcha-gatcha-nft
ETH,Wiz #826,0x00dca92b7fbd0c01f3508756718807836ec82156,826,gotcha-gatcha-nft
ETH,Starla #820,0x00dca92b7fbd0c01f3508756718807836ec82156,820,gotcha-gatcha-nft
ETH,Wiz #821,0x00dca92b7fbd0c01f3508756718807836ec82156,821,gotcha-gatcha-nft
ETH,Nomen #814,0x00dca92b7fbd0c01f3508756718807836ec82156,814,gotcha-gatcha-nft
ETH,Wiz #798,0x00dca92b7fbd0c01f3508756718807836ec82156,798,gotcha-gatcha-nft
ETH,Fellie #823,0x00dca92b7fbd0c01f3508756718807836ec82156,823,gotcha-gatcha-nft
ETH,Fellie #819,0x00dca92b7fbd0c01f3508756718807836ec82156,819,gotcha-gatcha-nft
ETH,Blaze #815,0x00dca92b7fbd0c01f3508756718807836ec82156,815,gotcha-gatcha-nft
ETH,The Orb of Akhmanu,0x00dca92b7fbd0c01f3508756718807836ec82156,808,gotcha-gatcha-nft
ETH,Snally #824,0x00dca92b7fbd0c01f3508756718807836ec82156,824,gotcha-gatcha-nft
ETH,Fellie #822,0x00dca92b7fbd0c01f3508756718807836ec82156,822,gotcha-gatcha-nft
ETH,Wiz #809,0x00dca92b7fbd0c01f3508756718807836ec82156,809,gotcha-gatcha-nft
ETH,Star Clown #818,0x00dca92b7fbd0c01f3508756718807836ec82156,818,gotcha-gatcha-nft
ETH,Starial Killer #817,0x00dca92b7fbd0c01f3508756718807836ec82156,817,gotcha-gatcha-nft
ETH,Starla #794,0x00dca92b7fbd0c01f3508756718807836ec82156,794,gotcha-gatcha-nft
ETH,Starla #811,0x00dca92b7fbd0c01f3508756718807836ec82156,811,gotcha-gatcha-nft
ETH,Lava Wiz #816,0x00dca92b7fbd0c01f3508756718807836ec82156,816,gotcha-gatcha-nft
ETH,Starla #812,0x00dca92b7fbd0c01f3508756718807836ec82156,812,gotcha-gatcha-nft
ETH,Wiz #810,0x00dca92b7fbd0c01f3508756718807836ec82156,810,gotcha-gatcha-nft
ETH,The Orb of Akhmanu,0x00dca92b7fbd0c01f3508756718807836ec82156,813,gotcha-gatcha-nft
ETH,Starla #807,0x00dca92b7fbd0c01f3508756718807836ec82156,807,gotcha-gatcha-nft
ETH,Starla #806,0x00dca92b7fbd0c01f3508756718807836ec82156,806,gotcha-gatcha-nft
ETH,The Orb of Akhmanu,0x00dca92b7fbd0c01f3508756718807836ec82156,805,gotcha-gatcha-nft
ETH,Snally #795,0x00dca92b7fbd0c01f3508756718807836ec82156,795,gotcha-gatcha-nft
ETH,Blaze #797,0x00dca92b7fbd0c01f3508756718807836ec82156,797,gotcha-gatcha-nft
ETH,The Orb of Akhmanu,0x00dca92b7fbd0c01f3508756718807836ec82156,804,gotcha-gatcha-nft
ETH,Mekans #803,0x00dca92b7fbd0c01f3508756718807836ec82156,803,gotcha-gatcha-nft
ETH,Blaze #802,0x00dca92b7fbd0c01f3508756718807836ec82156,802,gotcha-gatcha-nft
ETH,Starla #801,0x00dca92b7fbd0c01f3508756718807836ec82156,801,gotcha-gatcha-nft
ETH,Starla #800,0x00dca92b7fbd0c01f3508756718807836ec82156,800,gotcha-gatcha-nft
ETH,Starla #799,0x00dca92b7fbd0c01f3508756718807836ec82156,799,gotcha-gatcha-nft
ETH,Wiz #766,0x00dca92b7fbd0c01f3508756718807836ec82156,766,gotcha-gatcha-nft
ETH,Nomen #778,0x00dca92b7fbd0c01f3508756718807836ec82156,778,gotcha-gatcha-nft
ETH,Nomen #793,0x00dca92b7fbd0c01f3508756718807836ec82156,793,gotcha-gatcha-nft
ETH,Gatcha #792,0x00dca92b7fbd0c01f3508756718807836ec82156,792,gotcha-gatcha-nft
ETH,Wiz #796,0x00dca92b7fbd0c01f3508756718807836ec82156,796,gotcha-gatcha-nft
ETH,Starla #789,0x00dca92b7fbd0c01f3508756718807836ec82156,789,gotcha-gatcha-nft
ETH,The Orb of Akhmanu,0x00dca92b7fbd0c01f3508756718807836ec82156,791,gotcha-gatcha-nft
ETH,Starla #774,0x00dca92b7fbd0c01f3508756718807836ec82156,774,gotcha-gatcha-nft
ETH,Blaze #790,0x00dca92b7fbd0c01f3508756718807836ec82156,790,gotcha-gatcha-nft
ETH,Wiz #767,0x00dca92b7fbd0c01f3508756718807836ec82156,767,gotcha-gatcha-nft
ETH,Nomen #788,0x00dca92b7fbd0c01f3508756718807836ec82156,788,gotcha-gatcha-nft
ETH,Fellie #771,0x00dca92b7fbd0c01f3508756718807836ec82156,771,gotcha-gatcha-nft
ETH,Starla #787,0x00dca92b7fbd0c01f3508756718807836ec82156,787,gotcha-gatcha-nft
ETH,Floral Wiz #786,0x00dca92b7fbd0c01f3508756718807836ec82156,786,gotcha-gatcha-nft
ETH,Starla #785,0x00dca92b7fbd0c01f3508756718807836ec82156,785,gotcha-gatcha-nft
ETH,Starla #784,0x00dca92b7fbd0c01f3508756718807836ec82156,784,gotcha-gatcha-nft
ETH,Star Joe #777,0x00dca92b7fbd0c01f3508756718807836ec82156,777,gotcha-gatcha-nft
ETH,Mummy Snally #782,0x00dca92b7fbd0c01f3508756718807836ec82156,782,gotcha-gatcha-nft
ETH,Starla #780,0x00dca92b7fbd0c01f3508756718807836ec82156,780,gotcha-gatcha-nft
ETH,Snally #783,0x00dca92b7fbd0c01f3508756718807836ec82156,783,gotcha-gatcha-nft
ETH,Starla #781,0x00dca92b7fbd0c01f3508756718807836ec82156,781,gotcha-gatcha-nft
ETH,Snally #779,0x00dca92b7fbd0c01f3508756718807836ec82156,779,gotcha-gatcha-nft
ETH,Nomen #775,0x00dca92b7fbd0c01f3508756718807836ec82156,775,gotcha-gatcha-nft
ETH,Nomen #776,0x00dca92b7fbd0c01f3508756718807836ec82156,776,gotcha-gatcha-nft
ETH,Troll Snally #772,0x00dca92b7fbd0c01f3508756718807836ec82156,772,gotcha-gatcha-nft
ETH,Nomen #768,0x00dca92b7fbd0c01f3508756718807836ec82156,768,gotcha-gatcha-nft
ETH,Starla #769,0x00dca92b7fbd0c01f3508756718807836ec82156,769,gotcha-gatcha-nft
ETH,Mekans #770,0x00dca92b7fbd0c01f3508756718807836ec82156,770,gotcha-gatcha-nft
ETH,Starla #759,0x00dca92b7fbd0c01f3508756718807836ec82156,759,gotcha-gatcha-nft
ETH,Snally #773,0x00dca92b7fbd0c01f3508756718807836ec82156,773,gotcha-gatcha-nft
ETH,Nomen #760,0x00dca92b7fbd0c01f3508756718807836ec82156,760,gotcha-gatcha-nft
ETH,Fellie #763,0x00dca92b7fbd0c01f3508756718807836ec82156,763,gotcha-gatcha-nft
ETH,Snally #757,0x00dca92b7fbd0c01f3508756718807836ec82156,757,gotcha-gatcha-nft
ETH,Blaze #758,0x00dca92b7fbd0c01f3508756718807836ec82156,758,gotcha-gatcha-nft
ETH,Nomen #765,0x00dca92b7fbd0c01f3508756718807836ec82156,765,gotcha-gatcha-nft
ETH,Fellie #764,0x00dca92b7fbd0c01f3508756718807836ec82156,764,gotcha-gatcha-nft
ETH,Starla #762,0x00dca92b7fbd0c01f3508756718807836ec82156,762,gotcha-gatcha-nft
ETH,Starla #761,0x00dca92b7fbd0c01f3508756718807836ec82156,761,gotcha-gatcha-nft
ETH,Nomen #756,0x00dca92b7fbd0c01f3508756718807836ec82156,756,gotcha-gatcha-nft
ETH,Mekans #755,0x00dca92b7fbd0c01f3508756718807836ec82156,755,gotcha-gatcha-nft
ETH,Nomen #754,0x00dca92b7fbd0c01f3508756718807836ec82156,754,gotcha-gatcha-nft
ETH,Fellie #753,0x00dca92b7fbd0c01f3508756718807836ec82156,753,gotcha-gatcha-nft
ETH,Wiz #752,0x00dca92b7fbd0c01f3508756718807836ec82156,752,gotcha-gatcha-nft
ETH,Wiz #751,0x00dca92b7fbd0c01f3508756718807836ec82156,751,gotcha-gatcha-nft
ETH,Snally #750,0x00dca92b7fbd0c01f3508756718807836ec82156,750,gotcha-gatcha-nft
ETH,Gatcha #749,0x00dca92b7fbd0c01f3508756718807836ec82156,749,gotcha-gatcha-nft
ETH,Blaze #748,0x00dca92b7fbd0c01f3508756718807836ec82156,748,gotcha-gatcha-nft
ETH,Starla #747,0x00dca92b7fbd0c01f3508756718807836ec82156,747,gotcha-gatcha-nft
ETH,Mekans #746,0x00dca92b7fbd0c01f3508756718807836ec82156,746,gotcha-gatcha-nft
ETH,Starla #745,0x00dca92b7fbd0c01f3508756718807836ec82156,745,gotcha-gatcha-nft
ETH,Gatcha #744,0x00dca92b7fbd0c01f3508756718807836ec82156,744,gotcha-gatcha-nft
ETH,Starla #743,0x00dca92b7fbd0c01f3508756718807836ec82156,743,gotcha-gatcha-nft
ETH,Starla #742,0x00dca92b7fbd0c01f3508756718807836ec82156,742,gotcha-gatcha-nft
ETH,Fellie #741,0x00dca92b7fbd0c01f3508756718807836ec82156,741,gotcha-gatcha-nft
ETH,Fellie #740,0x00dca92b7fbd0c01f3508756718807836ec82156,740,gotcha-gatcha-nft
ETH,Starla #739,0x00dca92b7fbd0c01f3508756718807836ec82156,739,gotcha-gatcha-nft
ETH,Wiz #727,0x00dca92b7fbd0c01f3508756718807836ec82156,727,gotcha-gatcha-nft
ETH,The Orb of Akhmanu,0x00dca92b7fbd0c01f3508756718807836ec82156,738,gotcha-gatcha-nft
ETH,Mekans #737,0x00dca92b7fbd0c01f3508756718807836ec82156,737,gotcha-gatcha-nft
ETH,Starla #736,0x00dca92b7fbd0c01f3508756718807836ec82156,736,gotcha-gatcha-nft
ETH,Mekans #735,0x00dca92b7fbd0c01f3508756718807836ec82156,735,gotcha-gatcha-nft
ETH,Wiz #734,0x00dca92b7fbd0c01f3508756718807836ec82156,734,gotcha-gatcha-nft
ETH,Wiz #733,0x00dca92b7fbd0c01f3508756718807836ec82156,733,gotcha-gatcha-nft
ETH,Fellie #732,0x00dca92b7fbd0c01f3508756718807836ec82156,732,gotcha-gatcha-nft
ETH,Nomen #731,0x00dca92b7fbd0c01f3508756718807836ec82156,731,gotcha-gatcha-nft
ETH,Nomen #730,0x00dca92b7fbd0c01f3508756718807836ec82156,730,gotcha-gatcha-nft
ETH,Gatcha #729,0x00dca92b7fbd0c01f3508756718807836ec82156,729,gotcha-gatcha-nft
ETH,Starla #728,0x00dca92b7fbd0c01f3508756718807836ec82156,728,gotcha-gatcha-nft
ETH,Nomen #726,0x00dca92b7fbd0c01f3508756718807836ec82156,726,gotcha-gatcha-nft
ETH,Starla #725,0x00dca92b7fbd0c01f3508756718807836ec82156,725,gotcha-gatcha-nft
ETH,Mekans #724,0x00dca92b7fbd0c01f3508756718807836ec82156,724,gotcha-gatcha-nft
ETH,Snally #723,0x00dca92b7fbd0c01f3508756718807836ec82156,723,gotcha-gatcha-nft
ETH,Snally #722,0x00dca92b7fbd0c01f3508756718807836ec82156,722,gotcha-gatcha-nft
ETH,Fellie #721,0x00dca92b7fbd0c01f3508756718807836ec82156,721,gotcha-gatcha-nft
ETH,Fellie #720,0x00dca92b7fbd0c01f3508756718807836ec82156,720,gotcha-gatcha-nft
ETH,Fellie #719,0x00dca92b7fbd0c01f3508756718807836ec82156,719,gotcha-gatcha-nft
ETH,Starla #718,0x00dca92b7fbd0c01f3508756718807836ec82156,718,gotcha-gatcha-nft
ETH,Wiz #717,0x00dca92b7fbd0c01f3508756718807836ec82156,717,gotcha-gatcha-nft
ETH,Starla #716,0x00dca92b7fbd0c01f3508756718807836ec82156,716,gotcha-gatcha-nft
ETH,Snally #715,0x00dca92b7fbd0c01f3508756718807836ec82156,715,gotcha-gatcha-nft
ETH,Wiz #714,0x00dca92b7fbd0c01f3508756718807836ec82156,714,gotcha-gatcha-nft
ETH,Mekans #713,0x00dca92b7fbd0c01f3508756718807836ec82156,713,gotcha-gatcha-nft
ETH,Wiz #712,0x00dca92b7fbd0c01f3508756718807836ec82156,712,gotcha-gatcha-nft
ETH,The Orb of Akhmanu,0x00dca92b7fbd0c01f3508756718807836ec82156,711,gotcha-gatcha-nft
ETH,Starla #710,0x00dca92b7fbd0c01f3508756718807836ec82156,710,gotcha-gatcha-nft
ETH,Starla #696,0x00dca92b7fbd0c01f3508756718807836ec82156,696,gotcha-gatcha-nft
ETH,Snally #709,0x00dca92b7fbd0c01f3508756718807836ec82156,709,gotcha-gatcha-nft
ETH,Snally #708,0x00dca92b7fbd0c01f3508756718807836ec82156,708,gotcha-gatcha-nft
ETH,Starla #707,0x00dca92b7fbd0c01f3508756718807836ec82156,707,gotcha-gatcha-nft
ETH,Wiz #706,0x00dca92b7fbd0c01f3508756718807836ec82156,706,gotcha-gatcha-nft
ETH,Fellie #705,0x00dca92b7fbd0c01f3508756718807836ec82156,705,gotcha-gatcha-nft
ETH,Fellie #704,0x00dca92b7fbd0c01f3508756718807836ec82156,704,gotcha-gatcha-nft
ETH,The Orb of Akhmanu,0x00dca92b7fbd0c01f3508756718807836ec82156,703,gotcha-gatcha-nft
ETH,Gatcha #702,0x00dca92b7fbd0c01f3508756718807836ec82156,702,gotcha-gatcha-nft
ETH,Fellie #701,0x00dca92b7fbd0c01f3508756718807836ec82156,701,gotcha-gatcha-nft
ETH,Fellie #700,0x00dca92b7fbd0c01f3508756718807836ec82156,700,gotcha-gatcha-nft
ETH,Gatcha #699,0x00dca92b7fbd0c01f3508756718807836ec82156,699,gotcha-gatcha-nft
ETH,Snally #698,0x00dca92b7fbd0c01f3508756718807836ec82156,698,gotcha-gatcha-nft
ETH,Snally #697,0x00dca92b7fbd0c01f3508756718807836ec82156,697,gotcha-gatcha-nft
ETH,The Orb of Akhmanu,0x00dca92b7fbd0c01f3508756718807836ec82156,695,gotcha-gatcha-nft
ETH,Snally #694,0x00dca92b7fbd0c01f3508756718807836ec82156,694,gotcha-gatcha-nft
ETH,Starla #693,0x00dca92b7fbd0c01f3508756718807836ec82156,693,gotcha-gatcha-nft
ETH,Fellie #692,0x00dca92b7fbd0c01f3508756718807836ec82156,692,gotcha-gatcha-nft
ETH,Snally #691,0x00dca92b7fbd0c01f3508756718807836ec82156,691,gotcha-gatcha-nft
ETH,Ice Wiz #690,0x00dca92b7fbd0c01f3508756718807836ec82156,690,gotcha-gatcha-nft
ETH,Fellie #689,0x00dca92b7fbd0c01f3508756718807836ec82156,689,gotcha-gatcha-nft
ETH,Fellie #688,0x00dca92b7fbd0c01f3508756718807836ec82156,688,gotcha-gatcha-nft
ETH,Wiz #687,0x00dca92b7fbd0c01f3508756718807836ec82156,687,gotcha-gatcha-nft
ETH,Nomen #686,0x00dca92b7fbd0c01f3508756718807836ec82156,686,gotcha-gatcha-nft
ETH,Nomen #685,0x00dca92b7fbd0c01f3508756718807836ec82156,685,gotcha-gatcha-nft
ETH,Mekans #684,0x00dca92b7fbd0c01f3508756718807836ec82156,684,gotcha-gatcha-nft
ETH,Snally #683,0x00dca92b7fbd0c01f3508756718807836ec82156,683,gotcha-gatcha-nft
ETH,Blaze #682,0x00dca92b7fbd0c01f3508756718807836ec82156,682,gotcha-gatcha-nft
ETH,Starla #681,0x00dca92b7fbd0c01f3508756718807836ec82156,681,gotcha-gatcha-nft
ETH,Starla #680,0x00dca92b7fbd0c01f3508756718807836ec82156,680,gotcha-gatcha-nft
ETH,Starla #679,0x00dca92b7fbd0c01f3508756718807836ec82156,679,gotcha-gatcha-nft
ETH,Star Titan #678,0x00dca92b7fbd0c01f3508756718807836ec82156,678,gotcha-gatcha-nft
ETH,Wiz #677,0x00dca92b7fbd0c01f3508756718807836ec82156,677,gotcha-gatcha-nft
ETH,Snally #676,0x00dca92b7fbd0c01f3508756718807836ec82156,676,gotcha-gatcha-nft
ETH,Snally #675,0x00dca92b7fbd0c01f3508756718807836ec82156,675,gotcha-gatcha-nft
ETH,Wiz #674,0x00dca92b7fbd0c01f3508756718807836ec82156,674,gotcha-gatcha-nft
ETH,Nomen #673,0x00dca92b7fbd0c01f3508756718807836ec82156,673,gotcha-gatcha-nft
ETH,Starla #672,0x00dca92b7fbd0c01f3508756718807836ec82156,672,gotcha-gatcha-nft
ETH,Wiz #671,0x00dca92b7fbd0c01f3508756718807836ec82156,671,gotcha-gatcha-nft
ETH,Snally #670,0x00dca92b7fbd0c01f3508756718807836ec82156,670,gotcha-gatcha-nft
ETH,Nomen #669,0x00dca92b7fbd0c01f3508756718807836ec82156,669,gotcha-gatcha-nft
ETH,Starla #668,0x00dca92b7fbd0c01f3508756718807836ec82156,668,gotcha-gatcha-nft
ETH,Blaze #667,0x00dca92b7fbd0c01f3508756718807836ec82156,667,gotcha-gatcha-nft
ETH,Fellie #666,0x00dca92b7fbd0c01f3508756718807836ec82156,666,gotcha-gatcha-nft
ETH,Snally #665,0x00dca92b7fbd0c01f3508756718807836ec82156,665,gotcha-gatcha-nft
ETH,Blaze #664,0x00dca92b7fbd0c01f3508756718807836ec82156,664,gotcha-gatcha-nft
ETH,Nomen #663,0x00dca92b7fbd0c01f3508756718807836ec82156,663,gotcha-gatcha-nft
ETH,Snally #662,0x00dca92b7fbd0c01f3508756718807836ec82156,662,gotcha-gatcha-nft
ETH,Starla #661,0x00dca92b7fbd0c01f3508756718807836ec82156,661,gotcha-gatcha-nft
ETH,Starla #660,0x00dca92b7fbd0c01f3508756718807836ec82156,660,gotcha-gatcha-nft
ETH,Wiz #659,0x00dca92b7fbd0c01f3508756718807836ec82156,659,gotcha-gatcha-nft
ETH,Nomen #658,0x00dca92b7fbd0c01f3508756718807836ec82156,658,gotcha-gatcha-nft
ETH,Fellie #657,0x00dca92b7fbd0c01f3508756718807836ec82156,657,gotcha-gatcha-nft
ETH,Nomen #656,0x00dca92b7fbd0c01f3508756718807836ec82156,656,gotcha-gatcha-nft
ETH,Iluminally #655,0x00dca92b7fbd0c01f3508756718807836ec82156,655,gotcha-gatcha-nft
ETH,Starla #654,0x00dca92b7fbd0c01f3508756718807836ec82156,654,gotcha-gatcha-nft
ETH,Mekans #653,0x00dca92b7fbd0c01f3508756718807836ec82156,653,gotcha-gatcha-nft
ETH,The Orb of Akhmanu,0x00dca92b7fbd0c01f3508756718807836ec82156,652,gotcha-gatcha-nft
ETH,Snally #651,0x00dca92b7fbd0c01f3508756718807836ec82156,651,gotcha-gatcha-nft
ETH,Wiz #650,0x00dca92b7fbd0c01f3508756718807836ec82156,650,gotcha-gatcha-nft
ETH,Snally #649,0x00dca92b7fbd0c01f3508756718807836ec82156,649,gotcha-gatcha-nft
ETH,Snally #648,0x00dca92b7fbd0c01f3508756718807836ec82156,648,gotcha-gatcha-nft
ETH,Fellie #647,0x00dca92b7fbd0c01f3508756718807836ec82156,647,gotcha-gatcha-nft
ETH,Snally #646,0x00dca92b7fbd0c01f3508756718807836ec82156,646,gotcha-gatcha-nft
ETH,Wiz #645,0x00dca92b7fbd0c01f3508756718807836ec82156,645,gotcha-gatcha-nft
ETH,Snally #644,0x00dca92b7fbd0c01f3508756718807836ec82156,644,gotcha-gatcha-nft
ETH,Mekans #643,0x00dca92b7fbd0c01f3508756718807836ec82156,643,gotcha-gatcha-nft
ETH,Mekans #642,0x00dca92b7fbd0c01f3508756718807836ec82156,642,gotcha-gatcha-nft
ETH,The Orb of Akhmanu,0x00dca92b7fbd0c01f3508756718807836ec82156,641,gotcha-gatcha-nft
ETH,Blaze #640,0x00dca92b7fbd0c01f3508756718807836ec82156,640,gotcha-gatcha-nft
ETH,Blaze #639,0x00dca92b7fbd0c01f3508756718807836ec82156,639,gotcha-gatcha-nft
ETH,Fellie #638,0x00dca92b7fbd0c01f3508756718807836ec82156,638,gotcha-gatcha-nft
ETH,The Orb of Akhmanu,0x00dca92b7fbd0c01f3508756718807836ec82156,637,gotcha-gatcha-nft
ETH,Starla #636,0x00dca92b7fbd0c01f3508756718807836ec82156,636,gotcha-gatcha-nft
ETH,Starla #635,0x00dca92b7fbd0c01f3508756718807836ec82156,635,gotcha-gatcha-nft
ETH,Mekans #634,0x00dca92b7fbd0c01f3508756718807836ec82156,634,gotcha-gatcha-nft
ETH,Wiz #633,0x00dca92b7fbd0c01f3508756718807836ec82156,633,gotcha-gatcha-nft
ETH,Mekans #632,0x00dca92b7fbd0c01f3508756718807836ec82156,632,gotcha-gatcha-nft
ETH,Starla #631,0x00dca92b7fbd0c01f3508756718807836ec82156,631,gotcha-gatcha-nft
ETH,Snally #630,0x00dca92b7fbd0c01f3508756718807836ec82156,630,gotcha-gatcha-nft
ETH,Startorch #629,0x00dca92b7fbd0c01f3508756718807836ec82156,629,gotcha-gatcha-nft
ETH,Starla #628,0x00dca92b7fbd0c01f3508756718807836ec82156,628,gotcha-gatcha-nft
ETH,The Orb of Akhmanu,0x00dca92b7fbd0c01f3508756718807836ec82156,627,gotcha-gatcha-nft
ETH,Fellie #626,0x00dca92b7fbd0c01f3508756718807836ec82156,626,gotcha-gatcha-nft
ETH,Wiz #625,0x00dca92b7fbd0c01f3508756718807836ec82156,625,gotcha-gatcha-nft
ETH,Mekans #624,0x00dca92b7fbd0c01f3508756718807836ec82156,624,gotcha-gatcha-nft
ETH,Fellie #623,0x00dca92b7fbd0c01f3508756718807836ec82156,623,gotcha-gatcha-nft
ETH,Snally #622,0x00dca92b7fbd0c01f3508756718807836ec82156,622,gotcha-gatcha-nft
ETH,Blaze #621,0x00dca92b7fbd0c01f3508756718807836ec82156,621,gotcha-gatcha-nft
ETH,King of Nomen #620,0x00dca92b7fbd0c01f3508756718807836ec82156,620,gotcha-gatcha-nft
ETH,Starla #619,0x00dca92b7fbd0c01f3508756718807836ec82156,619,gotcha-gatcha-nft
ETH,Nomen #618,0x00dca92b7fbd0c01f3508756718807836ec82156,618,gotcha-gatcha-nft
ETH,Snally #617,0x00dca92b7fbd0c01f3508756718807836ec82156,617,gotcha-gatcha-nft
ETH,Blaze #616,0x00dca92b7fbd0c01f3508756718807836ec82156,616,gotcha-gatcha-nft
ETH,Blaze #615,0x00dca92b7fbd0c01f3508756718807836ec82156,615,gotcha-gatcha-nft
ETH,Snally #614,0x00dca92b7fbd0c01f3508756718807836ec82156,614,gotcha-gatcha-nft
ETH,Snally #613,0x00dca92b7fbd0c01f3508756718807836ec82156,613,gotcha-gatcha-nft
ETH,Starla #612,0x00dca92b7fbd0c01f3508756718807836ec82156,612,gotcha-gatcha-nft
ETH,Fellie #611,0x00dca92b7fbd0c01f3508756718807836ec82156,611,gotcha-gatcha-nft
ETH,Mekans #610,0x00dca92b7fbd0c01f3508756718807836ec82156,610,gotcha-gatcha-nft
ETH,Snally #609,0x00dca92b7fbd0c01f3508756718807836ec82156,609,gotcha-gatcha-nft
ETH,Snally #608,0x00dca92b7fbd0c01f3508756718807836ec82156,608,gotcha-gatcha-nft
ETH,Blaze #607,0x00dca92b7fbd0c01f3508756718807836ec82156,607,gotcha-gatcha-nft
ETH,Gatcha #606,0x00dca92b7fbd0c01f3508756718807836ec82156,606,gotcha-gatcha-nft
ETH,Starla #605,0x00dca92b7fbd0c01f3508756718807836ec82156,605,gotcha-gatcha-nft
ETH,Starla #604,0x00dca92b7fbd0c01f3508756718807836ec82156,604,gotcha-gatcha-nft
ETH,Starla #603,0x00dca92b7fbd0c01f3508756718807836ec82156,603,gotcha-gatcha-nft
ETH,Snally #602,0x00dca92b7fbd0c01f3508756718807836ec82156,602,gotcha-gatcha-nft
ETH,Mekazord #601,0x00dca92b7fbd0c01f3508756718807836ec82156,601,gotcha-gatcha-nft
ETH,Starla #600,0x00dca92b7fbd0c01f3508756718807836ec82156,600,gotcha-gatcha-nft
ETH,Snally #599,0x00dca92b7fbd0c01f3508756718807836ec82156,599,gotcha-gatcha-nft
ETH,Nomen #598,0x00dca92b7fbd0c01f3508756718807836ec82156,598,gotcha-gatcha-nft
ETH,King of Starla #597,0x00dca92b7fbd0c01f3508756718807836ec82156,597,gotcha-gatcha-nft
ETH,Wiz #596,0x00dca92b7fbd0c01f3508756718807836ec82156,596,gotcha-gatcha-nft
ETH,Nomen #595,0x00dca92b7fbd0c01f3508756718807836ec82156,595,gotcha-gatcha-nft
ETH,Mekans #594,0x00dca92b7fbd0c01f3508756718807836ec82156,594,gotcha-gatcha-nft
ETH,Nomen #593,0x00dca92b7fbd0c01f3508756718807836ec82156,593,gotcha-gatcha-nft
ETH,Starla #592,0x00dca92b7fbd0c01f3508756718807836ec82156,592,gotcha-gatcha-nft
ETH,Starla #591,0x00dca92b7fbd0c01f3508756718807836ec82156,591,gotcha-gatcha-nft
ETH,Wiz #590,0x00dca92b7fbd0c01f3508756718807836ec82156,590,gotcha-gatcha-nft
ETH,Gatcha #589,0x00dca92b7fbd0c01f3508756718807836ec82156,589,gotcha-gatcha-nft
ETH,Fellie #588,0x00dca92b7fbd0c01f3508756718807836ec82156,588,gotcha-gatcha-nft
ETH,Starla #587,0x00dca92b7fbd0c01f3508756718807836ec82156,587,gotcha-gatcha-nft
ETH,Wiz #586,0x00dca92b7fbd0c01f3508756718807836ec82156,586,gotcha-gatcha-nft
ETH,Starla #585,0x00dca92b7fbd0c01f3508756718807836ec82156,585,gotcha-gatcha-nft
ETH,Factory New #584,0x00dca92b7fbd0c01f3508756718807836ec82156,584,gotcha-gatcha-nft
ETH,Nomen #583,0x00dca92b7fbd0c01f3508756718807836ec82156,583,gotcha-gatcha-nft
ETH,Wiz #582,0x00dca92b7fbd0c01f3508756718807836ec82156,582,gotcha-gatcha-nft
ETH,Steelnom #581,0x00dca92b7fbd0c01f3508756718807836ec82156,581,gotcha-gatcha-nft
ETH,Nomen #580,0x00dca92b7fbd0c01f3508756718807836ec82156,580,gotcha-gatcha-nft
ETH,Mekans #579,0x00dca92b7fbd0c01f3508756718807836ec82156,579,gotcha-gatcha-nft
ETH,Nomen #578,0x00dca92b7fbd0c01f3508756718807836ec82156,578,gotcha-gatcha-nft
ETH,Wiz #577,0x00dca92b7fbd0c01f3508756718807836ec82156,577,gotcha-gatcha-nft
ETH,Nomen #576,0x00dca92b7fbd0c01f3508756718807836ec82156,576,gotcha-gatcha-nft
ETH,Snally #575,0x00dca92b7fbd0c01f3508756718807836ec82156,575,gotcha-gatcha-nft
ETH,Fellie #574,0x00dca92b7fbd0c01f3508756718807836ec82156,574,gotcha-gatcha-nft
ETH,Gatcha #573,0x00dca92b7fbd0c01f3508756718807836ec82156,573,gotcha-gatcha-nft
ETH,The Orb of Akhmanu,0x00dca92b7fbd0c01f3508756718807836ec82156,572,gotcha-gatcha-nft
ETH,Star Oni #571,0x00dca92b7fbd0c01f3508756718807836ec82156,571,gotcha-gatcha-nft
ETH,Mekans #570,0x00dca92b7fbd0c01f3508756718807836ec82156,570,gotcha-gatcha-nft
ETH,Fellie #569,0x00dca92b7fbd0c01f3508756718807836ec82156,569,gotcha-gatcha-nft
ETH,Wiz #568,0x00dca92b7fbd0c01f3508756718807836ec82156,568,gotcha-gatcha-nft
ETH,Fellie #567,0x00dca92b7fbd0c01f3508756718807836ec82156,567,gotcha-gatcha-nft
ETH,Snally #566,0x00dca92b7fbd0c01f3508756718807836ec82156,566,gotcha-gatcha-nft
ETH,The Orb of Akhmanu,0x00dca92b7fbd0c01f3508756718807836ec82156,565,gotcha-gatcha-nft
ETH,Gatcha #564,0x00dca92b7fbd0c01f3508756718807836ec82156,564,gotcha-gatcha-nft
ETH,Wiz #563,0x00dca92b7fbd0c01f3508756718807836ec82156,563,gotcha-gatcha-nft
ETH,Starla #562,0x00dca92b7fbd0c01f3508756718807836ec82156,562,gotcha-gatcha-nft
ETH,Mekans #561,0x00dca92b7fbd0c01f3508756718807836ec82156,561,gotcha-gatcha-nft
ETH,Fellie #554,0x00dca92b7fbd0c01f3508756718807836ec82156,554,gotcha-gatcha-nft
ETH,The Orb of Akhmanu,0x00dca92b7fbd0c01f3508756718807836ec82156,557,gotcha-gatcha-nft
ETH,Blaze #552,0x00dca92b7fbd0c01f3508756718807836ec82156,552,gotcha-gatcha-nft
ETH,Fellie #555,0x00dca92b7fbd0c01f3508756718807836ec82156,555,gotcha-gatcha-nft
ETH,Snally #556,0x00dca92b7fbd0c01f3508756718807836ec82156,556,gotcha-gatcha-nft
ETH,Blaze #559,0x00dca92b7fbd0c01f3508756718807836ec82156,559,gotcha-gatcha-nft
ETH,Mekans #553,0x00dca92b7fbd0c01f3508756718807836ec82156,553,gotcha-gatcha-nft
ETH,Wiz #560,0x00dca92b7fbd0c01f3508756718807836ec82156,560,gotcha-gatcha-nft
ETH,Fellie #558,0x00dca92b7fbd0c01f3508756718807836ec82156,558,gotcha-gatcha-nft
ETH,Nomen #551,0x00dca92b7fbd0c01f3508756718807836ec82156,551,gotcha-gatcha-nft
ETH,Mekans #550,0x00dca92b7fbd0c01f3508756718807836ec82156,550,gotcha-gatcha-nft
ETH,Starla #549,0x00dca92b7fbd0c01f3508756718807836ec82156,549,gotcha-gatcha-nft
ETH,Blaze #548,0x00dca92b7fbd0c01f3508756718807836ec82156,548,gotcha-gatcha-nft
ETH,Mekans #547,0x00dca92b7fbd0c01f3508756718807836ec82156,547,gotcha-gatcha-nft
ETH,Mecha Blaze #546,0x00dca92b7fbd0c01f3508756718807836ec82156,546,gotcha-gatcha-nft
ETH,Blaze #545,0x00dca92b7fbd0c01f3508756718807836ec82156,545,gotcha-gatcha-nft
ETH,Mekans #544,0x00dca92b7fbd0c01f3508756718807836ec82156,544,gotcha-gatcha-nft
ETH,Snally #543,0x00dca92b7fbd0c01f3508756718807836ec82156,543,gotcha-gatcha-nft
ETH,Wiz #542,0x00dca92b7fbd0c01f3508756718807836ec82156,542,gotcha-gatcha-nft
ETH,Nomen #541,0x00dca92b7fbd0c01f3508756718807836ec82156,541,gotcha-gatcha-nft
ETH,Wiz #540,0x00dca92b7fbd0c01f3508756718807836ec82156,540,gotcha-gatcha-nft
ETH,Gatcha #539,0x00dca92b7fbd0c01f3508756718807836ec82156,539,gotcha-gatcha-nft
ETH,Starla #538,0x00dca92b7fbd0c01f3508756718807836ec82156,538,gotcha-gatcha-nft
ETH,Wiz #537,0x00dca92b7fbd0c01f3508756718807836ec82156,537,gotcha-gatcha-nft
ETH,Snally #536,0x00dca92b7fbd0c01f3508756718807836ec82156,536,gotcha-gatcha-nft
ETH,Starla #535,0x00dca92b7fbd0c01f3508756718807836ec82156,535,gotcha-gatcha-nft
ETH,Snally #534,0x00dca92b7fbd0c01f3508756718807836ec82156,534,gotcha-gatcha-nft
ETH,Wiz #533,0x00dca92b7fbd0c01f3508756718807836ec82156,533,gotcha-gatcha-nft
ETH,Wiz #532,0x00dca92b7fbd0c01f3508756718807836ec82156,532,gotcha-gatcha-nft
ETH,Mekans #531,0x00dca92b7fbd0c01f3508756718807836ec82156,531,gotcha-gatcha-nft
ETH,Blaze #530,0x00dca92b7fbd0c01f3508756718807836ec82156,530,gotcha-gatcha-nft
ETH,Snally #529,0x00dca92b7fbd0c01f3508756718807836ec82156,529,gotcha-gatcha-nft
ETH,Fellie #528,0x00dca92b7fbd0c01f3508756718807836ec82156,528,gotcha-gatcha-nft
ETH,Starla #527,0x00dca92b7fbd0c01f3508756718807836ec82156,527,gotcha-gatcha-nft
ETH,Starla #526,0x00dca92b7fbd0c01f3508756718807836ec82156,526,gotcha-gatcha-nft
ETH,Blaze #525,0x00dca92b7fbd0c01f3508756718807836ec82156,525,gotcha-gatcha-nft
ETH,Snally #524,0x00dca92b7fbd0c01f3508756718807836ec82156,524,gotcha-gatcha-nft
ETH,Mekans #523,0x00dca92b7fbd0c01f3508756718807836ec82156,523,gotcha-gatcha-nft
ETH,Wiz #522,0x00dca92b7fbd0c01f3508756718807836ec82156,522,gotcha-gatcha-nft
ETH,Starla #521,0x00dca92b7fbd0c01f3508756718807836ec82156,521,gotcha-gatcha-nft
ETH,Snally #520,0x00dca92b7fbd0c01f3508756718807836ec82156,520,gotcha-gatcha-nft
ETH,Mekans #519,0x00dca92b7fbd0c01f3508756718807836ec82156,519,gotcha-gatcha-nft
ETH,Nomen #518,0x00dca92b7fbd0c01f3508756718807836ec82156,518,gotcha-gatcha-nft
ETH,Wiz #517,0x00dca92b7fbd0c01f3508756718807836ec82156,517,gotcha-gatcha-nft
ETH,Fellie #516,0x00dca92b7fbd0c01f3508756718807836ec82156,516,gotcha-gatcha-nft
ETH,Starla #515,0x00dca92b7fbd0c01f3508756718807836ec82156,515,gotcha-gatcha-nft
ETH,Starla #514,0x00dca92b7fbd0c01f3508756718807836ec82156,514,gotcha-gatcha-nft
ETH,Mekans #513,0x00dca92b7fbd0c01f3508756718807836ec82156,513,gotcha-gatcha-nft
ETH,The Orb of Akhmanu,0x00dca92b7fbd0c01f3508756718807836ec82156,512,gotcha-gatcha-nft
ETH,Starla #511,0x00dca92b7fbd0c01f3508756718807836ec82156,511,gotcha-gatcha-nft
ETH,Starla #510,0x00dca92b7fbd0c01f3508756718807836ec82156,510,gotcha-gatcha-nft
ETH,The Orb of Akhmanu,0x00dca92b7fbd0c01f3508756718807836ec82156,509,gotcha-gatcha-nft
ETH,Starla #508,0x00dca92b7fbd0c01f3508756718807836ec82156,508,gotcha-gatcha-nft
ETH,Starla #507,0x00dca92b7fbd0c01f3508756718807836ec82156,507,gotcha-gatcha-nft
ETH,The Orb of Akhmanu,0x00dca92b7fbd0c01f3508756718807836ec82156,506,gotcha-gatcha-nft
ETH,Gatcha #505,0x00dca92b7fbd0c01f3508756718807836ec82156,505,gotcha-gatcha-nft
ETH,Wiz #504,0x00dca92b7fbd0c01f3508756718807836ec82156,504,gotcha-gatcha-nft
ETH,The Orb of Akhmanu,0x00dca92b7fbd0c01f3508756718807836ec82156,503,gotcha-gatcha-nft
ETH,Nomen #502,0x00dca92b7fbd0c01f3508756718807836ec82156,502,gotcha-gatcha-nft
ETH,Starla #501,0x00dca92b7fbd0c01f3508756718807836ec82156,501,gotcha-gatcha-nft
ETH,Wiz #500,0x00dca92b7fbd0c01f3508756718807836ec82156,500,gotcha-gatcha-nft
ETH,Snally #499,0x00dca92b7fbd0c01f3508756718807836ec82156,499,gotcha-gatcha-nft
ETH,Fellie #498,0x00dca92b7fbd0c01f3508756718807836ec82156,498,gotcha-gatcha-nft
ETH,Wiz #497,0x00dca92b7fbd0c01f3508756718807836ec82156,497,gotcha-gatcha-nft
ETH,Starla #496,0x00dca92b7fbd0c01f3508756718807836ec82156,496,gotcha-gatcha-nft
ETH,Luchastar #495,0x00dca92b7fbd0c01f3508756718807836ec82156,495,gotcha-gatcha-nft
ETH,Snally #494,0x00dca92b7fbd0c01f3508756718807836ec82156,494,gotcha-gatcha-nft
ETH,Gatcha #493,0x00dca92b7fbd0c01f3508756718807836ec82156,493,gotcha-gatcha-nft
ETH,Fellie #492,0x00dca92b7fbd0c01f3508756718807836ec82156,492,gotcha-gatcha-nft
ETH,Blaze Rider #491,0x00dca92b7fbd0c01f3508756718807836ec82156,491,gotcha-gatcha-nft
ETH,Blaze #490,0x00dca92b7fbd0c01f3508756718807836ec82156,490,gotcha-gatcha-nft
ETH,Starla #489,0x00dca92b7fbd0c01f3508756718807836ec82156,489,gotcha-gatcha-nft
ETH,Snally #488,0x00dca92b7fbd0c01f3508756718807836ec82156,488,gotcha-gatcha-nft
ETH,Gatcha #487,0x00dca92b7fbd0c01f3508756718807836ec82156,487,gotcha-gatcha-nft
ETH,The Orb of Akhmanu,0x00dca92b7fbd0c01f3508756718807836ec82156,486,gotcha-gatcha-nft
ETH,Fellking #485,0x00dca92b7fbd0c01f3508756718807836ec82156,485,gotcha-gatcha-nft
ETH,Fellie #484,0x00dca92b7fbd0c01f3508756718807836ec82156,484,gotcha-gatcha-nft
ETH,Fellie #483,0x00dca92b7fbd0c01f3508756718807836ec82156,483,gotcha-gatcha-nft
ETH,Nomen #482,0x00dca92b7fbd0c01f3508756718807836ec82156,482,gotcha-gatcha-nft
ETH,Nomen #481,0x00dca92b7fbd0c01f3508756718807836ec82156,481,gotcha-gatcha-nft
ETH,Wiz #480,0x00dca92b7fbd0c01f3508756718807836ec82156,480,gotcha-gatcha-nft
ETH,The Orb of Akhmanu,0x00dca92b7fbd0c01f3508756718807836ec82156,479,gotcha-gatcha-nft
ETH,Gatcha #478,0x00dca92b7fbd0c01f3508756718807836ec82156,478,gotcha-gatcha-nft
ETH,Wiz #477,0x00dca92b7fbd0c01f3508756718807836ec82156,477,gotcha-gatcha-nft
ETH,Fellie #476,0x00dca92b7fbd0c01f3508756718807836ec82156,476,gotcha-gatcha-nft
ETH,Wiz #475,0x00dca92b7fbd0c01f3508756718807836ec82156,475,gotcha-gatcha-nft
ETH,Fellie #474,0x00dca92b7fbd0c01f3508756718807836ec82156,474,gotcha-gatcha-nft
ETH,Snally #473,0x00dca92b7fbd0c01f3508756718807836ec82156,473,gotcha-gatcha-nft
ETH,Mekans #472,0x00dca92b7fbd0c01f3508756718807836ec82156,472,gotcha-gatcha-nft
ETH,Starla #471,0x00dca92b7fbd0c01f3508756718807836ec82156,471,gotcha-gatcha-nft
ETH,Snally #470,0x00dca92b7fbd0c01f3508756718807836ec82156,470,gotcha-gatcha-nft
ETH,Fellie #469,0x00dca92b7fbd0c01f3508756718807836ec82156,469,gotcha-gatcha-nft
ETH,Wiz #468,0x00dca92b7fbd0c01f3508756718807836ec82156,468,gotcha-gatcha-nft
ETH,Fellie #467,0x00dca92b7fbd0c01f3508756718807836ec82156,467,gotcha-gatcha-nft
ETH,Star Noir #466,0x00dca92b7fbd0c01f3508756718807836ec82156,466,gotcha-gatcha-nft
ETH,Gatcha #465,0x00dca92b7fbd0c01f3508756718807836ec82156,465,gotcha-gatcha-nft
ETH,The Orb of Akhmanu,0x00dca92b7fbd0c01f3508756718807836ec82156,464,gotcha-gatcha-nft
ETH,Mekans #463,0x00dca92b7fbd0c01f3508756718807836ec82156,463,gotcha-gatcha-nft
ETH,Starla #462,0x00dca92b7fbd0c01f3508756718807836ec82156,462,gotcha-gatcha-nft
ETH,Starla #461,0x00dca92b7fbd0c01f3508756718807836ec82156,461,gotcha-gatcha-nft
ETH,Nomen #460,0x00dca92b7fbd0c01f3508756718807836ec82156,460,gotcha-gatcha-nft
ETH,Snally #459,0x00dca92b7fbd0c01f3508756718807836ec82156,459,gotcha-gatcha-nft
ETH,Fellie #458,0x00dca92b7fbd0c01f3508756718807836ec82156,458,gotcha-gatcha-nft
ETH,Fellie #457,0x00dca92b7fbd0c01f3508756718807836ec82156,457,gotcha-gatcha-nft
ETH,Nomen #456,0x00dca92b7fbd0c01f3508756718807836ec82156,456,gotcha-gatcha-nft
ETH,Wiz #455,0x00dca92b7fbd0c01f3508756718807836ec82156,455,gotcha-gatcha-nft
ETH,Gatcha #454,0x00dca92b7fbd0c01f3508756718807836ec82156,454,gotcha-gatcha-nft
ETH,Snally #453,0x00dca92b7fbd0c01f3508756718807836ec82156,453,gotcha-gatcha-nft
ETH,Snally #452,0x00dca92b7fbd0c01f3508756718807836ec82156,452,gotcha-gatcha-nft
ETH,Fellie #451,0x00dca92b7fbd0c01f3508756718807836ec82156,451,gotcha-gatcha-nft
ETH,Fellie #450,0x00dca92b7fbd0c01f3508756718807836ec82156,450,gotcha-gatcha-nft
ETH,Starla #449,0x00dca92b7fbd0c01f3508756718807836ec82156,449,gotcha-gatcha-nft
ETH,Starla #448,0x00dca92b7fbd0c01f3508756718807836ec82156,448,gotcha-gatcha-nft
ETH,Blaze #447,0x00dca92b7fbd0c01f3508756718807836ec82156,447,gotcha-gatcha-nft
ETH,Snally #446,0x00dca92b7fbd0c01f3508756718807836ec82156,446,gotcha-gatcha-nft
ETH,Wiz #445,0x00dca92b7fbd0c01f3508756718807836ec82156,445,gotcha-gatcha-nft
ETH,Mekans #444,0x00dca92b7fbd0c01f3508756718807836ec82156,444,gotcha-gatcha-nft
ETH,Blaze #443,0x00dca92b7fbd0c01f3508756718807836ec82156,443,gotcha-gatcha-nft
ETH,Snally #442,0x00dca92b7fbd0c01f3508756718807836ec82156,442,gotcha-gatcha-nft
ETH,Snally #441,0x00dca92b7fbd0c01f3508756718807836ec82156,441,gotcha-gatcha-nft
ETH,Starla #440,0x00dca92b7fbd0c01f3508756718807836ec82156,440,gotcha-gatcha-nft
ETH,Wiz #439,0x00dca92b7fbd0c01f3508756718807836ec82156,439,gotcha-gatcha-nft
ETH,Snally #438,0x00dca92b7fbd0c01f3508756718807836ec82156,438,gotcha-gatcha-nft
ETH,Blaze #437,0x00dca92b7fbd0c01f3508756718807836ec82156,437,gotcha-gatcha-nft
ETH,Blaze #436,0x00dca92b7fbd0c01f3508756718807836ec82156,436,gotcha-gatcha-nft
ETH,Starla #435,0x00dca92b7fbd0c01f3508756718807836ec82156,435,gotcha-gatcha-nft
ETH,Starla #434,0x00dca92b7fbd0c01f3508756718807836ec82156,434,gotcha-gatcha-nft
ETH,Starla #433,0x00dca92b7fbd0c01f3508756718807836ec82156,433,gotcha-gatcha-nft
ETH,Starla #432,0x00dca92b7fbd0c01f3508756718807836ec82156,432,gotcha-gatcha-nft
ETH,The Orb of Akhmanu,0x00dca92b7fbd0c01f3508756718807836ec82156,431,gotcha-gatcha-nft
ETH,Starla #430,0x00dca92b7fbd0c01f3508756718807836ec82156,430,gotcha-gatcha-nft
ETH,Blaze #429,0x00dca92b7fbd0c01f3508756718807836ec82156,429,gotcha-gatcha-nft
ETH,Blaze #428,0x00dca92b7fbd0c01f3508756718807836ec82156,428,gotcha-gatcha-nft
ETH,Snally #427,0x00dca92b7fbd0c01f3508756718807836ec82156,427,gotcha-gatcha-nft
ETH,Starla #426,0x00dca92b7fbd0c01f3508756718807836ec82156,426,gotcha-gatcha-nft
ETH,Snally #425,0x00dca92b7fbd0c01f3508756718807836ec82156,425,gotcha-gatcha-nft
ETH,Wiz #424,0x00dca92b7fbd0c01f3508756718807836ec82156,424,gotcha-gatcha-nft
ETH,Blaze #423,0x00dca92b7fbd0c01f3508756718807836ec82156,423,gotcha-gatcha-nft
ETH,Stargul #422,0x00dca92b7fbd0c01f3508756718807836ec82156,422,gotcha-gatcha-nft
ETH,Snally #421,0x00dca92b7fbd0c01f3508756718807836ec82156,421,gotcha-gatcha-nft
ETH,Fellie #420,0x00dca92b7fbd0c01f3508756718807836ec82156,420,gotcha-gatcha-nft
ETH,Starla #419,0x00dca92b7fbd0c01f3508756718807836ec82156,419,gotcha-gatcha-nft
ETH,Mekans #418,0x00dca92b7fbd0c01f3508756718807836ec82156,418,gotcha-gatcha-nft
ETH,Mekans #417,0x00dca92b7fbd0c01f3508756718807836ec82156,417,gotcha-gatcha-nft
ETH,Mekans #416,0x00dca92b7fbd0c01f3508756718807836ec82156,416,gotcha-gatcha-nft
ETH,Fellkuza #415,0x00dca92b7fbd0c01f3508756718807836ec82156,415,gotcha-gatcha-nft
ETH,Blaze #414,0x00dca92b7fbd0c01f3508756718807836ec82156,414,gotcha-gatcha-nft
ETH,Mekans #413,0x00dca92b7fbd0c01f3508756718807836ec82156,413,gotcha-gatcha-nft
ETH,Snally #412,0x00dca92b7fbd0c01f3508756718807836ec82156,412,gotcha-gatcha-nft
ETH,Fellie #411,0x00dca92b7fbd0c01f3508756718807836ec82156,411,gotcha-gatcha-nft
ETH,Blaze #410,0x00dca92b7fbd0c01f3508756718807836ec82156,410,gotcha-gatcha-nft
ETH,Armored Meks #409,0x00dca92b7fbd0c01f3508756718807836ec82156,409,gotcha-gatcha-nft
ETH,Fellie #408,0x00dca92b7fbd0c01f3508756718807836ec82156,408,gotcha-gatcha-nft
ETH,Mekans #407,0x00dca92b7fbd0c01f3508756718807836ec82156,407,gotcha-gatcha-nft
ETH,Wiz #406,0x00dca92b7fbd0c01f3508756718807836ec82156,406,gotcha-gatcha-nft
ETH,Starla #405,0x00dca92b7fbd0c01f3508756718807836ec82156,405,gotcha-gatcha-nft
ETH,Wiz #404,0x00dca92b7fbd0c01f3508756718807836ec82156,404,gotcha-gatcha-nft
ETH,Blaze #403,0x00dca92b7fbd0c01f3508756718807836ec82156,403,gotcha-gatcha-nft
ETH,Snalchemist #402,0x00dca92b7fbd0c01f3508756718807836ec82156,402,gotcha-gatcha-nft
ETH,Snally #401,0x00dca92b7fbd0c01f3508756718807836ec82156,401,gotcha-gatcha-nft
ETH,Starla #400,0x00dca92b7fbd0c01f3508756718807836ec82156,400,gotcha-gatcha-nft
ETH,Snally #399,0x00dca92b7fbd0c01f3508756718807836ec82156,399,gotcha-gatcha-nft
ETH,Snally #398,0x00dca92b7fbd0c01f3508756718807836ec82156,398,gotcha-gatcha-nft
ETH,Fellie #397,0x00dca92b7fbd0c01f3508756718807836ec82156,397,gotcha-gatcha-nft
ETH,Nomenjojo #396,0x00dca92b7fbd0c01f3508756718807836ec82156,396,gotcha-gatcha-nft
ETH,Wiz #395,0x00dca92b7fbd0c01f3508756718807836ec82156,395,gotcha-gatcha-nft
ETH,Snally #394,0x00dca92b7fbd0c01f3508756718807836ec82156,394,gotcha-gatcha-nft
ETH,Wiz #393,0x00dca92b7fbd0c01f3508756718807836ec82156,393,gotcha-gatcha-nft
ETH,Blaze #392,0x00dca92b7fbd0c01f3508756718807836ec82156,392,gotcha-gatcha-nft
ETH,Wiz #391,0x00dca92b7fbd0c01f3508756718807836ec82156,391,gotcha-gatcha-nft
ETH,Snally #390,0x00dca92b7fbd0c01f3508756718807836ec82156,390,gotcha-gatcha-nft
ETH,Starla #389,0x00dca92b7fbd0c01f3508756718807836ec82156,389,gotcha-gatcha-nft
ETH,The Orb of Akhmanu,0x00dca92b7fbd0c01f3508756718807836ec82156,388,gotcha-gatcha-nft
ETH,Wiz #387,0x00dca92b7fbd0c01f3508756718807836ec82156,387,gotcha-gatcha-nft
ETH,Snally #386,0x00dca92b7fbd0c01f3508756718807836ec82156,386,gotcha-gatcha-nft
ETH,Starla #385,0x00dca92b7fbd0c01f3508756718807836ec82156,385,gotcha-gatcha-nft
ETH,Wiz #384,0x00dca92b7fbd0c01f3508756718807836ec82156,384,gotcha-gatcha-nft
ETH,Blaze #383,0x00dca92b7fbd0c01f3508756718807836ec82156,383,gotcha-gatcha-nft
ETH,Snally #382,0x00dca92b7fbd0c01f3508756718807836ec82156,382,gotcha-gatcha-nft
ETH,Snally #381,0x00dca92b7fbd0c01f3508756718807836ec82156,381,gotcha-gatcha-nft
ETH,Blaze #380,0x00dca92b7fbd0c01f3508756718807836ec82156,380,gotcha-gatcha-nft
ETH,Nomen #379,0x00dca92b7fbd0c01f3508756718807836ec82156,379,gotcha-gatcha-nft
ETH,The Orb of Akhmanu,0x00dca92b7fbd0c01f3508756718807836ec82156,378,gotcha-gatcha-nft
ETH,Snally #377,0x00dca92b7fbd0c01f3508756718807836ec82156,377,gotcha-gatcha-nft
ETH,Starla #376,0x00dca92b7fbd0c01f3508756718807836ec82156,376,gotcha-gatcha-nft
ETH,Wiz #375,0x00dca92b7fbd0c01f3508756718807836ec82156,375,gotcha-gatcha-nft
ETH,The Orb of Akhmanu,0x00dca92b7fbd0c01f3508756718807836ec82156,374,gotcha-gatcha-nft
ETH,The Orb of Akhmanu,0x00dca92b7fbd0c01f3508756718807836ec82156,373,gotcha-gatcha-nft
ETH,Starla #372,0x00dca92b7fbd0c01f3508756718807836ec82156,372,gotcha-gatcha-nft
ETH,Blaze #371,0x00dca92b7fbd0c01f3508756718807836ec82156,371,gotcha-gatcha-nft
ETH,Snally #370,0x00dca92b7fbd0c01f3508756718807836ec82156,370,gotcha-gatcha-nft
ETH,Nomen #369,0x00dca92b7fbd0c01f3508756718807836ec82156,369,gotcha-gatcha-nft
ETH,Wiz #368,0x00dca92b7fbd0c01f3508756718807836ec82156,368,gotcha-gatcha-nft
ETH,Starla #367,0x00dca92b7fbd0c01f3508756718807836ec82156,367,gotcha-gatcha-nft
ETH,Fellie #366,0x00dca92b7fbd0c01f3508756718807836ec82156,366,gotcha-gatcha-nft
ETH,Wiz #365,0x00dca92b7fbd0c01f3508756718807836ec82156,365,gotcha-gatcha-nft
ETH,Fellie #364,0x00dca92b7fbd0c01f3508756718807836ec82156,364,gotcha-gatcha-nft
ETH,Ghostlie #363,0x00dca92b7fbd0c01f3508756718807836ec82156,363,gotcha-gatcha-nft
ETH,Starla #362,0x00dca92b7fbd0c01f3508756718807836ec82156,362,gotcha-gatcha-nft
ETH,Wiz #361,0x00dca92b7fbd0c01f3508756718807836ec82156,361,gotcha-gatcha-nft
ETH,Mekans #360,0x00dca92b7fbd0c01f3508756718807836ec82156,360,gotcha-gatcha-nft
ETH,Mekans #359,0x00dca92b7fbd0c01f3508756718807836ec82156,359,gotcha-gatcha-nft
ETH,Fellie #358,0x00dca92b7fbd0c01f3508756718807836ec82156,358,gotcha-gatcha-nft
ETH,Starla #357,0x00dca92b7fbd0c01f3508756718807836ec82156,357,gotcha-gatcha-nft
ETH,Snally #356,0x00dca92b7fbd0c01f3508756718807836ec82156,356,gotcha-gatcha-nft
ETH,Snally #355,0x00dca92b7fbd0c01f3508756718807836ec82156,355,gotcha-gatcha-nft
ETH,Blaze #354,0x00dca92b7fbd0c01f3508756718807836ec82156,354,gotcha-gatcha-nft
ETH,Wiz #353,0x00dca92b7fbd0c01f3508756718807836ec82156,353,gotcha-gatcha-nft
ETH,Fellie #352,0x00dca92b7fbd0c01f3508756718807836ec82156,352,gotcha-gatcha-nft
ETH,The Orb of Akhmanu,0x00dca92b7fbd0c01f3508756718807836ec82156,351,gotcha-gatcha-nft
ETH,Fellie #350,0x00dca92b7fbd0c01f3508756718807836ec82156,350,gotcha-gatcha-nft
ETH,Snally #349,0x00dca92b7fbd0c01f3508756718807836ec82156,349,gotcha-gatcha-nft
ETH,Starla #348,0x00dca92b7fbd0c01f3508756718807836ec82156,348,gotcha-gatcha-nft
ETH,Snally #347,0x00dca92b7fbd0c01f3508756718807836ec82156,347,gotcha-gatcha-nft
ETH,Wiz #346,0x00dca92b7fbd0c01f3508756718807836ec82156,346,gotcha-gatcha-nft
ETH,Nomen #345,0x00dca92b7fbd0c01f3508756718807836ec82156,345,gotcha-gatcha-nft
ETH,Snally #344,0x00dca92b7fbd0c01f3508756718807836ec82156,344,gotcha-gatcha-nft
ETH,The Orb of Akhmanu,0x00dca92b7fbd0c01f3508756718807836ec82156,343,gotcha-gatcha-nft
ETH,Snally #342,0x00dca92b7fbd0c01f3508756718807836ec82156,342,gotcha-gatcha-nft
ETH,Starla #341,0x00dca92b7fbd0c01f3508756718807836ec82156,341,gotcha-gatcha-nft
ETH,Fellie #340,0x00dca92b7fbd0c01f3508756718807836ec82156,340,gotcha-gatcha-nft
ETH,The Orb of Akhmanu,0x00dca92b7fbd0c01f3508756718807836ec82156,339,gotcha-gatcha-nft
ETH,Snally #338,0x00dca92b7fbd0c01f3508756718807836ec82156,338,gotcha-gatcha-nft
ETH,Starla #334,0x00dca92b7fbd0c01f3508756718807836ec82156,334,gotcha-gatcha-nft
ETH,Wiz #335,0x00dca92b7fbd0c01f3508756718807836ec82156,335,gotcha-gatcha-nft
ETH,Blaze #337,0x00dca92b7fbd0c01f3508756718807836ec82156,337,gotcha-gatcha-nft
ETH,Nomen #333,0x00dca92b7fbd0c01f3508756718807836ec82156,333,gotcha-gatcha-nft
ETH,Starla #336,0x00dca92b7fbd0c01f3508756718807836ec82156,336,gotcha-gatcha-nft
ETH,Nomen #332,0x00dca92b7fbd0c01f3508756718807836ec82156,332,gotcha-gatcha-nft
ETH,Mekans #331,0x00dca92b7fbd0c01f3508756718807836ec82156,331,gotcha-gatcha-nft
ETH,Blaze #330,0x00dca92b7fbd0c01f3508756718807836ec82156,330,gotcha-gatcha-nft
ETH,Snally #329,0x00dca92b7fbd0c01f3508756718807836ec82156,329,gotcha-gatcha-nft
ETH,Starla #328,0x00dca92b7fbd0c01f3508756718807836ec82156,328,gotcha-gatcha-nft
ETH,Snally #327,0x00dca92b7fbd0c01f3508756718807836ec82156,327,gotcha-gatcha-nft
ETH,Starla #326,0x00dca92b7fbd0c01f3508756718807836ec82156,326,gotcha-gatcha-nft
ETH,Fellie #325,0x00dca92b7fbd0c01f3508756718807836ec82156,325,gotcha-gatcha-nft
ETH,Mekanom #324,0x00dca92b7fbd0c01f3508756718807836ec82156,324,gotcha-gatcha-nft
ETH,The Orb of Akhmanu,0x00dca92b7fbd0c01f3508756718807836ec82156,323,gotcha-gatcha-nft
ETH,Starla #322,0x00dca92b7fbd0c01f3508756718807836ec82156,322,gotcha-gatcha-nft
ETH,Wiz #321,0x00dca92b7fbd0c01f3508756718807836ec82156,321,gotcha-gatcha-nft
ETH,Blaze #320,0x00dca92b7fbd0c01f3508756718807836ec82156,320,gotcha-gatcha-nft
ETH,Starla #319,0x00dca92b7fbd0c01f3508756718807836ec82156,319,gotcha-gatcha-nft
ETH,Starla #318,0x00dca92b7fbd0c01f3508756718807836ec82156,318,gotcha-gatcha-nft
ETH,Snally #317,0x00dca92b7fbd0c01f3508756718807836ec82156,317,gotcha-gatcha-nft
ETH,Wiz #316,0x00dca92b7fbd0c01f3508756718807836ec82156,316,gotcha-gatcha-nft
ETH,Snally #315,0x00dca92b7fbd0c01f3508756718807836ec82156,315,gotcha-gatcha-nft
ETH,Nomen #314,0x00dca92b7fbd0c01f3508756718807836ec82156,314,gotcha-gatcha-nft
ETH,Starla #313,0x00dca92b7fbd0c01f3508756718807836ec82156,313,gotcha-gatcha-nft
ETH,Wiz #312,0x00dca92b7fbd0c01f3508756718807836ec82156,312,gotcha-gatcha-nft
ETH,Snally #311,0x00dca92b7fbd0c01f3508756718807836ec82156,311,gotcha-gatcha-nft
ETH,Blaze #310,0x00dca92b7fbd0c01f3508756718807836ec82156,310,gotcha-gatcha-nft
ETH,Fellie #309,0x00dca92b7fbd0c01f3508756718807836ec82156,309,gotcha-gatcha-nft
ETH,Maneki Fellie #308,0x00dca92b7fbd0c01f3508756718807836ec82156,308,gotcha-gatcha-nft
ETH,Starla #307,0x00dca92b7fbd0c01f3508756718807836ec82156,307,gotcha-gatcha-nft
ETH,The Orb of Akhmanu,0x00dca92b7fbd0c01f3508756718807836ec82156,306,gotcha-gatcha-nft
ETH,Nomen #305,0x00dca92b7fbd0c01f3508756718807836ec82156,305,gotcha-gatcha-nft
ETH,Snally #304,0x00dca92b7fbd0c01f3508756718807836ec82156,304,gotcha-gatcha-nft
ETH,Nomen #303,0x00dca92b7fbd0c01f3508756718807836ec82156,303,gotcha-gatcha-nft
ETH,Starla #302,0x00dca92b7fbd0c01f3508756718807836ec82156,302,gotcha-gatcha-nft
ETH,Wiz #301,0x00dca92b7fbd0c01f3508756718807836ec82156,301,gotcha-gatcha-nft
ETH,Snally #300,0x00dca92b7fbd0c01f3508756718807836ec82156,300,gotcha-gatcha-nft
ETH,Wiz #299,0x00dca92b7fbd0c01f3508756718807836ec82156,299,gotcha-gatcha-nft
ETH,Blaze #298,0x00dca92b7fbd0c01f3508756718807836ec82156,298,gotcha-gatcha-nft
ETH,Fellie #297,0x00dca92b7fbd0c01f3508756718807836ec82156,297,gotcha-gatcha-nft
ETH,Wiz #296,0x00dca92b7fbd0c01f3508756718807836ec82156,296,gotcha-gatcha-nft
ETH,Snally #295,0x00dca92b7fbd0c01f3508756718807836ec82156,295,gotcha-gatcha-nft
ETH,Paranormally #294,0x00dca92b7fbd0c01f3508756718807836ec82156,294,gotcha-gatcha-nft
ETH,Snally #293,0x00dca92b7fbd0c01f3508756718807836ec82156,293,gotcha-gatcha-nft
ETH,Starla #292,0x00dca92b7fbd0c01f3508756718807836ec82156,292,gotcha-gatcha-nft
ETH,Fellie #291,0x00dca92b7fbd0c01f3508756718807836ec82156,291,gotcha-gatcha-nft
ETH,Fellie #290,0x00dca92b7fbd0c01f3508756718807836ec82156,290,gotcha-gatcha-nft
ETH,Mekans #289,0x00dca92b7fbd0c01f3508756718807836ec82156,289,gotcha-gatcha-nft
ETH,Wiz #288,0x00dca92b7fbd0c01f3508756718807836ec82156,288,gotcha-gatcha-nft
ETH,Snally #287,0x00dca92b7fbd0c01f3508756718807836ec82156,287,gotcha-gatcha-nft
ETH,Wiz #286,0x00dca92b7fbd0c01f3508756718807836ec82156,286,gotcha-gatcha-nft
ETH,Wiz #285,0x00dca92b7fbd0c01f3508756718807836ec82156,285,gotcha-gatcha-nft
ETH,Snally #284,0x00dca92b7fbd0c01f3508756718807836ec82156,284,gotcha-gatcha-nft
ETH,Starla #283,0x00dca92b7fbd0c01f3508756718807836ec82156,283,gotcha-gatcha-nft
ETH,Star Demon #282,0x00dca92b7fbd0c01f3508756718807836ec82156,282,gotcha-gatcha-nft
ETH,Wiz #281,0x00dca92b7fbd0c01f3508756718807836ec82156,281,gotcha-gatcha-nft
ETH,Gatcha #280,0x00dca92b7fbd0c01f3508756718807836ec82156,280,gotcha-gatcha-nft
ETH,Nomen #279,0x00dca92b7fbd0c01f3508756718807836ec82156,279,gotcha-gatcha-nft
ETH,Starla #278,0x00dca92b7fbd0c01f3508756718807836ec82156,278,gotcha-gatcha-nft
ETH,Gatcha #277,0x00dca92b7fbd0c01f3508756718807836ec82156,277,gotcha-gatcha-nft
ETH,Starla #276,0x00dca92b7fbd0c01f3508756718807836ec82156,276,gotcha-gatcha-nft
ETH,Snally #275,0x00dca92b7fbd0c01f3508756718807836ec82156,275,gotcha-gatcha-nft
ETH,Fellie #274,0x00dca92b7fbd0c01f3508756718807836ec82156,274,gotcha-gatcha-nft
ETH,Starla #273,0x00dca92b7fbd0c01f3508756718807836ec82156,273,gotcha-gatcha-nft
ETH,Wiz #272,0x00dca92b7fbd0c01f3508756718807836ec82156,272,gotcha-gatcha-nft
ETH,The Orb of Akhmanu,0x00dca92b7fbd0c01f3508756718807836ec82156,271,gotcha-gatcha-nft
ETH,Wiz #270,0x00dca92b7fbd0c01f3508756718807836ec82156,270,gotcha-gatcha-nft
ETH,Starla #269,0x00dca92b7fbd0c01f3508756718807836ec82156,269,gotcha-gatcha-nft
ETH,Snally #268,0x00dca92b7fbd0c01f3508756718807836ec82156,268,gotcha-gatcha-nft
ETH,The Orb of Akhmanu,0x00dca92b7fbd0c01f3508756718807836ec82156,267,gotcha-gatcha-nft
ETH,The Orb of Akhmanu,0x00dca92b7fbd0c01f3508756718807836ec82156,266,gotcha-gatcha-nft
ETH,Fellie #265,0x00dca92b7fbd0c01f3508756718807836ec82156,265,gotcha-gatcha-nft
ETH,Nomen #264,0x00dca92b7fbd0c01f3508756718807836ec82156,264,gotcha-gatcha-nft
ETH,Snally #263,0x00dca92b7fbd0c01f3508756718807836ec82156,263,gotcha-gatcha-nft
ETH,Fellie #262,0x00dca92b7fbd0c01f3508756718807836ec82156,262,gotcha-gatcha-nft
ETH,Nomen #261,0x00dca92b7fbd0c01f3508756718807836ec82156,261,gotcha-gatcha-nft
ETH,Wiz #260,0x00dca92b7fbd0c01f3508756718807836ec82156,260,gotcha-gatcha-nft
ETH,Aquala #259,0x00dca92b7fbd0c01f3508756718807836ec82156,259,gotcha-gatcha-nft
ETH,Blaze #258,0x00dca92b7fbd0c01f3508756718807836ec82156,258,gotcha-gatcha-nft
ETH,Starla #257,0x00dca92b7fbd0c01f3508756718807836ec82156,257,gotcha-gatcha-nft
ETH,Mekans #256,0x00dca92b7fbd0c01f3508756718807836ec82156,256,gotcha-gatcha-nft
ETH,The Orb of Akhmanu,0x00dca92b7fbd0c01f3508756718807836ec82156,255,gotcha-gatcha-nft
ETH,Snally #254,0x00dca92b7fbd0c01f3508756718807836ec82156,254,gotcha-gatcha-nft
ETH,Fellie #253,0x00dca92b7fbd0c01f3508756718807836ec82156,253,gotcha-gatcha-nft
ETH,Wiz #252,0x00dca92b7fbd0c01f3508756718807836ec82156,252,gotcha-gatcha-nft
ETH,Wiz #251,0x00dca92b7fbd0c01f3508756718807836ec82156,251,gotcha-gatcha-nft
ETH,Mekans #250,0x00dca92b7fbd0c01f3508756718807836ec82156,250,gotcha-gatcha-nft
ETH,The Orb of Akhmanu,0x00dca92b7fbd0c01f3508756718807836ec82156,249,gotcha-gatcha-nft
ETH,The Orb of Akhmanu,0x00dca92b7fbd0c01f3508756718807836ec82156,248,gotcha-gatcha-nft
ETH,Fellie #247,0x00dca92b7fbd0c01f3508756718807836ec82156,247,gotcha-gatcha-nft
ETH,Fellie #246,0x00dca92b7fbd0c01f3508756718807836ec82156,246,gotcha-gatcha-nft
ETH,Starla #242,0x00dca92b7fbd0c01f3508756718807836ec82156,242,gotcha-gatcha-nft
ETH,Blaze #245,0x00dca92b7fbd0c01f3508756718807836ec82156,245,gotcha-gatcha-nft
ETH,Fellie #244,0x00dca92b7fbd0c01f3508756718807836ec82156,244,gotcha-gatcha-nft
ETH,Fellie #243,0x00dca92b7fbd0c01f3508756718807836ec82156,243,gotcha-gatcha-nft
ETH,Fellie #241,0x00dca92b7fbd0c01f3508756718807836ec82156,241,gotcha-gatcha-nft
ETH,Mekans #240,0x00dca92b7fbd0c01f3508756718807836ec82156,240,gotcha-gatcha-nft
ETH,Starla #239,0x00dca92b7fbd0c01f3508756718807836ec82156,239,gotcha-gatcha-nft
ETH,Starla #238,0x00dca92b7fbd0c01f3508756718807836ec82156,238,gotcha-gatcha-nft
ETH,Wiz #237,0x00dca92b7fbd0c01f3508756718807836ec82156,237,gotcha-gatcha-nft
ETH,Starla #236,0x00dca92b7fbd0c01f3508756718807836ec82156,236,gotcha-gatcha-nft
ETH,Fellie #235,0x00dca92b7fbd0c01f3508756718807836ec82156,235,gotcha-gatcha-nft
ETH,Mekans #234,0x00dca92b7fbd0c01f3508756718807836ec82156,234,gotcha-gatcha-nft
ETH,Mekans #233,0x00dca92b7fbd0c01f3508756718807836ec82156,233,gotcha-gatcha-nft
ETH,Snally #232,0x00dca92b7fbd0c01f3508756718807836ec82156,232,gotcha-gatcha-nft
ETH,Starla #231,0x00dca92b7fbd0c01f3508756718807836ec82156,231,gotcha-gatcha-nft
ETH,The Orb of Akhmanu,0x00dca92b7fbd0c01f3508756718807836ec82156,230,gotcha-gatcha-nft
ETH,Starla #229,0x00dca92b7fbd0c01f3508756718807836ec82156,229,gotcha-gatcha-nft
ETH,Mekans #228,0x00dca92b7fbd0c01f3508756718807836ec82156,228,gotcha-gatcha-nft
ETH,Starla #227,0x00dca92b7fbd0c01f3508756718807836ec82156,227,gotcha-gatcha-nft
ETH,Starla #226,0x00dca92b7fbd0c01f3508756718807836ec82156,226,gotcha-gatcha-nft
ETH,Wiz #225,0x00dca92b7fbd0c01f3508756718807836ec82156,225,gotcha-gatcha-nft
ETH,Wiz #224,0x00dca92b7fbd0c01f3508756718807836ec82156,224,gotcha-gatcha-nft
ETH,Blaze #223,0x00dca92b7fbd0c01f3508756718807836ec82156,223,gotcha-gatcha-nft
ETH,Blaze #222,0x00dca92b7fbd0c01f3508756718807836ec82156,222,gotcha-gatcha-nft
ETH,Nomen #221,0x00dca92b7fbd0c01f3508756718807836ec82156,221,gotcha-gatcha-nft
ETH,Mekans #220,0x00dca92b7fbd0c01f3508756718807836ec82156,220,gotcha-gatcha-nft
ETH,Snally #219,0x00dca92b7fbd0c01f3508756718807836ec82156,219,gotcha-gatcha-nft
ETH,Mekator #218,0x00dca92b7fbd0c01f3508756718807836ec82156,218,gotcha-gatcha-nft
ETH,The Orb of Akhmanu,0x00dca92b7fbd0c01f3508756718807836ec82156,217,gotcha-gatcha-nft
ETH,Snally #216,0x00dca92b7fbd0c01f3508756718807836ec82156,216,gotcha-gatcha-nft
ETH,Fellie #215,0x00dca92b7fbd0c01f3508756718807836ec82156,215,gotcha-gatcha-nft
ETH,Mekans #214,0x00dca92b7fbd0c01f3508756718807836ec82156,214,gotcha-gatcha-nft
ETH,Mekans #213,0x00dca92b7fbd0c01f3508756718807836ec82156,213,gotcha-gatcha-nft
ETH,Starla #212,0x00dca92b7fbd0c01f3508756718807836ec82156,212,gotcha-gatcha-nft
ETH,Starla #211,0x00dca92b7fbd0c01f3508756718807836ec82156,211,gotcha-gatcha-nft
ETH,Fellie #210,0x00dca92b7fbd0c01f3508756718807836ec82156,210,gotcha-gatcha-nft
ETH,Starla #209,0x00dca92b7fbd0c01f3508756718807836ec82156,209,gotcha-gatcha-nft
ETH,Starla #208,0x00dca92b7fbd0c01f3508756718807836ec82156,208,gotcha-gatcha-nft
ETH,Wiz #207,0x00dca92b7fbd0c01f3508756718807836ec82156,207,gotcha-gatcha-nft
ETH,Wiz #206,0x00dca92b7fbd0c01f3508756718807836ec82156,206,gotcha-gatcha-nft
ETH,The Orb of Akhmanu,0x00dca92b7fbd0c01f3508756718807836ec82156,205,gotcha-gatcha-nft
ETH,Starla #204,0x00dca92b7fbd0c01f3508756718807836ec82156,204,gotcha-gatcha-nft
ETH,Nomen #203,0x00dca92b7fbd0c01f3508756718807836ec82156,203,gotcha-gatcha-nft
ETH,Wiz #202,0x00dca92b7fbd0c01f3508756718807836ec82156,202,gotcha-gatcha-nft
ETH,Snally #201,0x00dca92b7fbd0c01f3508756718807836ec82156,201,gotcha-gatcha-nft
ETH,Blaze #200,0x00dca92b7fbd0c01f3508756718807836ec82156,200,gotcha-gatcha-nft
ETH,Nomen #199,0x00dca92b7fbd0c01f3508756718807836ec82156,199,gotcha-gatcha-nft
ETH,Starla #198,0x00dca92b7fbd0c01f3508756718807836ec82156,198,gotcha-gatcha-nft
ETH,Nomen #197,0x00dca92b7fbd0c01f3508756718807836ec82156,197,gotcha-gatcha-nft
ETH,Fellie #196,0x00dca92b7fbd0c01f3508756718807836ec82156,196,gotcha-gatcha-nft
ETH,Nomen #195,0x00dca92b7fbd0c01f3508756718807836ec82156,195,gotcha-gatcha-nft
ETH,Snally #194,0x00dca92b7fbd0c01f3508756718807836ec82156,194,gotcha-gatcha-nft
ETH,Nomen #193,0x00dca92b7fbd0c01f3508756718807836ec82156,193,gotcha-gatcha-nft
ETH,Gatcha #192,0x00dca92b7fbd0c01f3508756718807836ec82156,192,gotcha-gatcha-nft
ETH,Starla #191,0x00dca92b7fbd0c01f3508756718807836ec82156,191,gotcha-gatcha-nft
ETH,Starla #190,0x00dca92b7fbd0c01f3508756718807836ec82156,190,gotcha-gatcha-nft
ETH,Gatcha #189,0x00dca92b7fbd0c01f3508756718807836ec82156,189,gotcha-gatcha-nft
ETH,God Blaze #188,0x00dca92b7fbd0c01f3508756718807836ec82156,188,gotcha-gatcha-nft
ETH,Blaze #187,0x00dca92b7fbd0c01f3508756718807836ec82156,187,gotcha-gatcha-nft
ETH,Light Wiz #186,0x00dca92b7fbd0c01f3508756718807836ec82156,186,gotcha-gatcha-nft
ETH,Snall Monk #185,0x00dca92b7fbd0c01f3508756718807836ec82156,185,gotcha-gatcha-nft
ETH,The Orb of Akhmanu,0x00dca92b7fbd0c01f3508756718807836ec82156,184,gotcha-gatcha-nft
ETH,Blaze #183,0x00dca92b7fbd0c01f3508756718807836ec82156,183,gotcha-gatcha-nft
ETH,Star Doom #182,0x00dca92b7fbd0c01f3508756718807836ec82156,182,gotcha-gatcha-nft
ETH,The Orb of Akhmanu,0x00dca92b7fbd0c01f3508756718807836ec82156,181,gotcha-gatcha-nft
ETH,Blaze #180,0x00dca92b7fbd0c01f3508756718807836ec82156,180,gotcha-gatcha-nft
ETH,Snally #179,0x00dca92b7fbd0c01f3508756718807836ec82156,179,gotcha-gatcha-nft
ETH,Wiz #178,0x00dca92b7fbd0c01f3508756718807836ec82156,178,gotcha-gatcha-nft
ETH,Snally #177,0x00dca92b7fbd0c01f3508756718807836ec82156,177,gotcha-gatcha-nft
ETH,Disco Snall #176,0x00dca92b7fbd0c01f3508756718807836ec82156,176,gotcha-gatcha-nft
ETH,Fellie #175,0x00dca92b7fbd0c01f3508756718807836ec82156,175,gotcha-gatcha-nft
ETH,Snally #174,0x00dca92b7fbd0c01f3508756718807836ec82156,174,gotcha-gatcha-nft
ETH,Gatcha #173,0x00dca92b7fbd0c01f3508756718807836ec82156,173,gotcha-gatcha-nft
ETH,Felltabuz #172,0x00dca92b7fbd0c01f3508756718807836ec82156,172,gotcha-gatcha-nft
ETH,Wiz #171,0x00dca92b7fbd0c01f3508756718807836ec82156,171,gotcha-gatcha-nft
ETH,Fellkashi #170,0x00dca92b7fbd0c01f3508756718807836ec82156,170,gotcha-gatcha-nft
ETH,Nomen #169,0x00dca92b7fbd0c01f3508756718807836ec82156,169,gotcha-gatcha-nft
ETH,Fellssasin #168,0x00dca92b7fbd0c01f3508756718807836ec82156,168,gotcha-gatcha-nft
ETH,Evanfellieon #167,0x00dca92b7fbd0c01f3508756718807836ec82156,167,gotcha-gatcha-nft
ETH,Fellievil #166,0x00dca92b7fbd0c01f3508756718807836ec82156,166,gotcha-gatcha-nft
ETH,Wiz #165,0x00dca92b7fbd0c01f3508756718807836ec82156,165,gotcha-gatcha-nft
ETH,Nomen #164,0x00dca92b7fbd0c01f3508756718807836ec82156,164,gotcha-gatcha-nft
ETH,Grim Blaze #163,0x00dca92b7fbd0c01f3508756718807836ec82156,163,gotcha-gatcha-nft
ETH,Nomen #162,0x00dca92b7fbd0c01f3508756718807836ec82156,162,gotcha-gatcha-nft
ETH,Evilmen #161,0x00dca92b7fbd0c01f3508756718807836ec82156,161,gotcha-gatcha-nft
ETH,Snally #160,0x00dca92b7fbd0c01f3508756718807836ec82156,160,gotcha-gatcha-nft
ETH,Fellie #159,0x00dca92b7fbd0c01f3508756718807836ec82156,159,gotcha-gatcha-nft
ETH,Nomen #158,0x00dca92b7fbd0c01f3508756718807836ec82156,158,gotcha-gatcha-nft
ETH,The Orb of Akhmanu,0x00dca92b7fbd0c01f3508756718807836ec82156,157,gotcha-gatcha-nft
ETH,Snally #156,0x00dca92b7fbd0c01f3508756718807836ec82156,156,gotcha-gatcha-nft
ETH,Nomen #155,0x00dca92b7fbd0c01f3508756718807836ec82156,155,gotcha-gatcha-nft
ETH,Snally #154,0x00dca92b7fbd0c01f3508756718807836ec82156,154,gotcha-gatcha-nft
ETH,Blaze #153,0x00dca92b7fbd0c01f3508756718807836ec82156,153,gotcha-gatcha-nft
ETH,Snorkler #152,0x00dca92b7fbd0c01f3508756718807836ec82156,152,gotcha-gatcha-nft
ETH,Wiz #151,0x00dca92b7fbd0c01f3508756718807836ec82156,151,gotcha-gatcha-nft
ETH,Snally #150,0x00dca92b7fbd0c01f3508756718807836ec82156,150,gotcha-gatcha-nft
ETH,Snally #149,0x00dca92b7fbd0c01f3508756718807836ec82156,149,gotcha-gatcha-nft
ETH,Starla #148,0x00dca92b7fbd0c01f3508756718807836ec82156,148,gotcha-gatcha-nft
ETH,Stuffed Snally #147,0x00dca92b7fbd0c01f3508756718807836ec82156,147,gotcha-gatcha-nft
ETH,The Orb of Akhmanu,0x00dca92b7fbd0c01f3508756718807836ec82156,146,gotcha-gatcha-nft
ETH,Nomen #145,0x00dca92b7fbd0c01f3508756718807836ec82156,145,gotcha-gatcha-nft
ETH,Fellie #144,0x00dca92b7fbd0c01f3508756718807836ec82156,144,gotcha-gatcha-nft
ETH,Fellie #143,0x00dca92b7fbd0c01f3508756718807836ec82156,143,gotcha-gatcha-nft
ETH,Starla #142,0x00dca92b7fbd0c01f3508756718807836ec82156,142,gotcha-gatcha-nft
ETH,Snally #141,0x00dca92b7fbd0c01f3508756718807836ec82156,141,gotcha-gatcha-nft
ETH,Mekans #140,0x00dca92b7fbd0c01f3508756718807836ec82156,140,gotcha-gatcha-nft
ETH,Fellie #139,0x00dca92b7fbd0c01f3508756718807836ec82156,139,gotcha-gatcha-nft
ETH,The Orb of Akhmanu,0x00dca92b7fbd0c01f3508756718807836ec82156,138,gotcha-gatcha-nft
ETH,Mekans #137,0x00dca92b7fbd0c01f3508756718807836ec82156,137,gotcha-gatcha-nft
ETH,Starla #136,0x00dca92b7fbd0c01f3508756718807836ec82156,136,gotcha-gatcha-nft
ETH,Nomen #135,0x00dca92b7fbd0c01f3508756718807836ec82156,135,gotcha-gatcha-nft
ETH,Barongfell #134,0x00dca92b7fbd0c01f3508756718807836ec82156,134,gotcha-gatcha-nft
ETH,Starla #133,0x00dca92b7fbd0c01f3508756718807836ec82156,133,gotcha-gatcha-nft
ETH,Dark Wiz #132,0x00dca92b7fbd0c01f3508756718807836ec82156,132,gotcha-gatcha-nft
ETH,Mekans #131,0x00dca92b7fbd0c01f3508756718807836ec82156,131,gotcha-gatcha-nft
ETH,Gatcha #130,0x00dca92b7fbd0c01f3508756718807836ec82156,130,gotcha-gatcha-nft
ETH,Snally #129,0x00dca92b7fbd0c01f3508756718807836ec82156,129,gotcha-gatcha-nft
ETH,Starla #128,0x00dca92b7fbd0c01f3508756718807836ec82156,128,gotcha-gatcha-nft
ETH,Wiz #127,0x00dca92b7fbd0c01f3508756718807836ec82156,127,gotcha-gatcha-nft
ETH,Gatcha #126,0x00dca92b7fbd0c01f3508756718807836ec82156,126,gotcha-gatcha-nft
ETH,Sun No Men #125,0x00dca92b7fbd0c01f3508756718807836ec82156,125,gotcha-gatcha-nft
ETH,Snally #124,0x00dca92b7fbd0c01f3508756718807836ec82156,124,gotcha-gatcha-nft
ETH,Mekans #123,0x00dca92b7fbd0c01f3508756718807836ec82156,123,gotcha-gatcha-nft
ETH,Starla #122,0x00dca92b7fbd0c01f3508756718807836ec82156,122,gotcha-gatcha-nft
ETH,Mekans #121,0x00dca92b7fbd0c01f3508756718807836ec82156,121,gotcha-gatcha-nft
ETH,Fellie #120,0x00dca92b7fbd0c01f3508756718807836ec82156,120,gotcha-gatcha-nft
ETH,Wiz #116,0x00dca92b7fbd0c01f3508756718807836ec82156,116,gotcha-gatcha-nft
ETH,Star Crow #118,0x00dca92b7fbd0c01f3508756718807836ec82156,118,gotcha-gatcha-nft
ETH,Nomen #114,0x00dca92b7fbd0c01f3508756718807836ec82156,114,gotcha-gatcha-nft
ETH,Wiz #109,0x00dca92b7fbd0c01f3508756718807836ec82156,109,gotcha-gatcha-nft
ETH,Wiz #113,0x00dca92b7fbd0c01f3508756718807836ec82156,113,gotcha-gatcha-nft
ETH,Mekans #117,0x00dca92b7fbd0c01f3508756718807836ec82156,117,gotcha-gatcha-nft
ETH,Starla #119,0x00dca92b7fbd0c01f3508756718807836ec82156,119,gotcha-gatcha-nft
ETH,Wiz #112,0x00dca92b7fbd0c01f3508756718807836ec82156,112,gotcha-gatcha-nft
ETH,The Orb of Akhmanu,0x00dca92b7fbd0c01f3508756718807836ec82156,100,gotcha-gatcha-nft
ETH,Snally #115,0x00dca92b7fbd0c01f3508756718807836ec82156,115,gotcha-gatcha-nft
ETH,Wiz #108,0x00dca92b7fbd0c01f3508756718807836ec82156,108,gotcha-gatcha-nft
ETH,Gotcha #111,0x00dca92b7fbd0c01f3508756718807836ec82156,111,gotcha-gatcha-nft
ETH,Fellie #106,0x00dca92b7fbd0c01f3508756718807836ec82156,106,gotcha-gatcha-nft
ETH,DJ Ape #104,0x00dca92b7fbd0c01f3508756718807836ec82156,104,gotcha-gatcha-nft
ETH,Snally #97,0x00dca92b7fbd0c01f3508756718807836ec82156,97,gotcha-gatcha-nft
ETH,High Knight #110,0x00dca92b7fbd0c01f3508756718807836ec82156,110,gotcha-gatcha-nft
ETH,The Orb of Akhmanu,0x00dca92b7fbd0c01f3508756718807836ec82156,105,gotcha-gatcha-nft
ETH,Wiz #107,0x00dca92b7fbd0c01f3508756718807836ec82156,107,gotcha-gatcha-nft
ETH,Nomen #88,0x00dca92b7fbd0c01f3508756718807836ec82156,88,gotcha-gatcha-nft
ETH,Nomen #103,0x00dca92b7fbd0c01f3508756718807836ec82156,103,gotcha-gatcha-nft
ETH,Wiz #101,0x00dca92b7fbd0c01f3508756718807836ec82156,101,gotcha-gatcha-nft
ETH,The Orb of Akhmanu,0x00dca92b7fbd0c01f3508756718807836ec82156,95,gotcha-gatcha-nft
ETH,Fellie #102,0x00dca92b7fbd0c01f3508756718807836ec82156,102,gotcha-gatcha-nft
ETH,Ghost Gatcha #99,0x00dca92b7fbd0c01f3508756718807836ec82156,99,gotcha-gatcha-nft
ETH,Fellie #98,0x00dca92b7fbd0c01f3508756718807836ec82156,98,gotcha-gatcha-nft
ETH,Fellie #85,0x00dca92b7fbd0c01f3508756718807836ec82156,85,gotcha-gatcha-nft
ETH,Wiz #92,0x00dca92b7fbd0c01f3508756718807836ec82156,92,gotcha-gatcha-nft
ETH,Snally #96,0x00dca92b7fbd0c01f3508756718807836ec82156,96,gotcha-gatcha-nft
ETH,Snally #93,0x00dca92b7fbd0c01f3508756718807836ec82156,93,gotcha-gatcha-nft
ETH,Blaze #91,0x00dca92b7fbd0c01f3508756718807836ec82156,91,gotcha-gatcha-nft
ETH,Starla #94,0x00dca92b7fbd0c01f3508756718807836ec82156,94,gotcha-gatcha-nft
ETH,Blaze #81,0x00dca92b7fbd0c01f3508756718807836ec82156,81,gotcha-gatcha-nft
ETH,The Orb of Akhmanu,0x00dca92b7fbd0c01f3508756718807836ec82156,89,gotcha-gatcha-nft
ETH,Starla #87,0x00dca92b7fbd0c01f3508756718807836ec82156,87,gotcha-gatcha-nft
ETH,Blaze #90,0x00dca92b7fbd0c01f3508756718807836ec82156,90,gotcha-gatcha-nft
ETH,The Orb of Akhmanu,0x00dca92b7fbd0c01f3508756718807836ec82156,84,gotcha-gatcha-nft
ETH,Mekans #82,0x00dca92b7fbd0c01f3508756718807836ec82156,82,gotcha-gatcha-nft
ETH,Snally #80,0x00dca92b7fbd0c01f3508756718807836ec82156,80,gotcha-gatcha-nft
ETH,Starla #77,0x00dca92b7fbd0c01f3508756718807836ec82156,77,gotcha-gatcha-nft
ETH,Wiz #86,0x00dca92b7fbd0c01f3508756718807836ec82156,86,gotcha-gatcha-nft
ETH,Blaze #83,0x00dca92b7fbd0c01f3508756718807836ec82156,83,gotcha-gatcha-nft
ETH,Blaze #79,0x00dca92b7fbd0c01f3508756718807836ec82156,79,gotcha-gatcha-nft
ETH,Wiz #78,0x00dca92b7fbd0c01f3508756718807836ec82156,78,gotcha-gatcha-nft
ETH,Nomen #64,0x00dca92b7fbd0c01f3508756718807836ec82156,64,gotcha-gatcha-nft
ETH,Fellie #65,0x00dca92b7fbd0c01f3508756718807836ec82156,65,gotcha-gatcha-nft
ETH,Mekans #68,0x00dca92b7fbd0c01f3508756718807836ec82156,68,gotcha-gatcha-nft
ETH,Starla #76,0x00dca92b7fbd0c01f3508756718807836ec82156,76,gotcha-gatcha-nft
ETH,Nomen #75,0x00dca92b7fbd0c01f3508756718807836ec82156,75,gotcha-gatcha-nft
ETH,Nomen #74,0x00dca92b7fbd0c01f3508756718807836ec82156,74,gotcha-gatcha-nft
ETH,Fellie #73,0x00dca92b7fbd0c01f3508756718807836ec82156,73,gotcha-gatcha-nft
ETH,Trippy Gatcha #72,0x00dca92b7fbd0c01f3508756718807836ec82156,72,gotcha-gatcha-nft
ETH,Wiz #71,0x00dca92b7fbd0c01f3508756718807836ec82156,71,gotcha-gatcha-nft
ETH,Wiz #70,0x00dca92b7fbd0c01f3508756718807836ec82156,70,gotcha-gatcha-nft
ETH,Wiz #56,0x00dca92b7fbd0c01f3508756718807836ec82156,56,gotcha-gatcha-nft
ETH,Fellie #69,0x00dca92b7fbd0c01f3508756718807836ec82156,69,gotcha-gatcha-nft
ETH,Wiz #67,0x00dca92b7fbd0c01f3508756718807836ec82156,67,gotcha-gatcha-nft
ETH,Nomen #66,0x00dca92b7fbd0c01f3508756718807836ec82156,66,gotcha-gatcha-nft
ETH,Snally #63,0x00dca92b7fbd0c01f3508756718807836ec82156,63,gotcha-gatcha-nft
ETH,Burning Gatcha #62,0x00dca92b7fbd0c01f3508756718807836ec82156,62,gotcha-gatcha-nft
ETH,Queen of Fellie #61,0x00dca92b7fbd0c01f3508756718807836ec82156,61,gotcha-gatcha-nft
ETH,Fellie #50,0x00dca92b7fbd0c01f3508756718807836ec82156,50,gotcha-gatcha-nft
ETH,Snally #51,0x00dca92b7fbd0c01f3508756718807836ec82156,51,gotcha-gatcha-nft
ETH,The Orb of Akhmanu,0x00dca92b7fbd0c01f3508756718807836ec82156,60,gotcha-gatcha-nft
ETH,Mecha Gatcha #59,0x00dca92b7fbd0c01f3508756718807836ec82156,59,gotcha-gatcha-nft
ETH,Nomen #58,0x00dca92b7fbd0c01f3508756718807836ec82156,58,gotcha-gatcha-nft
ETH,Gatcha #57,0x00dca92b7fbd0c01f3508756718807836ec82156,57,gotcha-gatcha-nft
ETH,The Orb of Akhmanu,0x00dca92b7fbd0c01f3508756718807836ec82156,55,gotcha-gatcha-nft
ETH,Evil Gotcha #54,0x00dca92b7fbd0c01f3508756718807836ec82156,54,gotcha-gatcha-nft
ETH,Blaze #53,0x00dca92b7fbd0c01f3508756718807836ec82156,53,gotcha-gatcha-nft
ETH,The Orb of Akhmanu,0x00dca92b7fbd0c01f3508756718807836ec82156,45,gotcha-gatcha-nft
ETH,The Orb of Akhmanu,0x00dca92b7fbd0c01f3508756718807836ec82156,43,gotcha-gatcha-nft
ETH,Basebally #38,0x00dca92b7fbd0c01f3508756718807836ec82156,38,gotcha-gatcha-nft
ETH,Mekans #52,0x00dca92b7fbd0c01f3508756718807836ec82156,52,gotcha-gatcha-nft
ETH,Wiz #49,0x00dca92b7fbd0c01f3508756718807836ec82156,49,gotcha-gatcha-nft
ETH,Silver Star #48,0x00dca92b7fbd0c01f3508756718807836ec82156,48,gotcha-gatcha-nft
ETH,Snallpunk #47,0x00dca92b7fbd0c01f3508756718807836ec82156,47,gotcha-gatcha-nft
ETH,Wiz #46,0x00dca92b7fbd0c01f3508756718807836ec82156,46,gotcha-gatcha-nft
ETH,Snall Drone #37,0x00dca92b7fbd0c01f3508756718807836ec82156,37,gotcha-gatcha-nft
ETH,Nomen #33,0x00dca92b7fbd0c01f3508756718807836ec82156,33,gotcha-gatcha-nft
ETH,Starla #39,0x00dca92b7fbd0c01f3508756718807836ec82156,39,gotcha-gatcha-nft
ETH,The Orb of Akhmanu,0x00dca92b7fbd0c01f3508756718807836ec82156,40,gotcha-gatcha-nft
ETH,The Orb of Akhmanu,0x00dca92b7fbd0c01f3508756718807836ec82156,44,gotcha-gatcha-nft
ETH,The Orb of Akhmanu,0x00dca92b7fbd0c01f3508756718807836ec82156,42,gotcha-gatcha-nft
ETH,The Orb of Akhmanu,0x00dca92b7fbd0c01f3508756718807836ec82156,41,gotcha-gatcha-nft
ETH,Fellie #27,0x00dca92b7fbd0c01f3508756718807836ec82156,27,gotcha-gatcha-nft
ETH,The Orb of Akhmanu,0x00dca92b7fbd0c01f3508756718807836ec82156,31,gotcha-gatcha-nft
ETH,Snally #34,0x00dca92b7fbd0c01f3508756718807836ec82156,34,gotcha-gatcha-nft
ETH,Snally #30,0x00dca92b7fbd0c01f3508756718807836ec82156,30,gotcha-gatcha-nft
ETH,Fellie #36,0x00dca92b7fbd0c01f3508756718807836ec82156,36,gotcha-gatcha-nft
ETH,Fellie #25,0x00dca92b7fbd0c01f3508756718807836ec82156,25,gotcha-gatcha-nft
ETH,Holy Gatcha #35,0x00dca92b7fbd0c01f3508756718807836ec82156,35,gotcha-gatcha-nft
ETH,Starla #32,0x00dca92b7fbd0c01f3508756718807836ec82156,32,gotcha-gatcha-nft
ETH,Mekans #29,0x00dca92b7fbd0c01f3508756718807836ec82156,29,gotcha-gatcha-nft
ETH,The Orb of Akhmanu,0x00dca92b7fbd0c01f3508756718807836ec82156,28,gotcha-gatcha-nft
ETH,Snally #17,0x00dca92b7fbd0c01f3508756718807836ec82156,17,gotcha-gatcha-nft
ETH,Wiz #26,0x00dca92b7fbd0c01f3508756718807836ec82156,26,gotcha-gatcha-nft
ETH,Starla #24,0x00dca92b7fbd0c01f3508756718807836ec82156,24,gotcha-gatcha-nft
ETH,Mobile Mekans #23,0x00dca92b7fbd0c01f3508756718807836ec82156,23,gotcha-gatcha-nft
ETH,Wiz #22,0x00dca92b7fbd0c01f3508756718807836ec82156,22,gotcha-gatcha-nft
ETH,Starla #21,0x00dca92b7fbd0c01f3508756718807836ec82156,21,gotcha-gatcha-nft
ETH,Wiz #20,0x00dca92b7fbd0c01f3508756718807836ec82156,20,gotcha-gatcha-nft
ETH,Wiz #19,0x00dca92b7fbd0c01f3508756718807836ec82156,19,gotcha-gatcha-nft
ETH,The Orb of Akhmanu,0x00dca92b7fbd0c01f3508756718807836ec82156,18,gotcha-gatcha-nft
ETH,Blaze #7,0x00dca92b7fbd0c01f3508756718807836ec82156,7,gotcha-gatcha-nft
ETH,Starla #1,0x00dca92b7fbd0c01f3508756718807836ec82156,1,gotcha-gatcha-nft
ETH,Starla #8,0x00dca92b7fbd0c01f3508756718807836ec82156,8,gotcha-gatcha-nft
ETH,Snally #10,0x00dca92b7fbd0c01f3508756718807836ec82156,10,gotcha-gatcha-nft
ETH,Fellie #16,0x00dca92b7fbd0c01f3508756718807836ec82156,16,gotcha-gatcha-nft
ETH,Snally #15,0x00dca92b7fbd0c01f3508756718807836ec82156,15,gotcha-gatcha-nft
ETH,Ryuwiz #14,0x00dca92b7fbd0c01f3508756718807836ec82156,14,gotcha-gatcha-nft
ETH,Wiz #13,0x00dca92b7fbd0c01f3508756718807836ec82156,13,gotcha-gatcha-nft
ETH,Starla #12,0x00dca92b7fbd0c01f3508756718807836ec82156,12,gotcha-gatcha-nft
ETH,Starla #6,0x00dca92b7fbd0c01f3508756718807836ec82156,6,gotcha-gatcha-nft
ETH,Starla #2,0x00dca92b7fbd0c01f3508756718807836ec82156,2,gotcha-gatcha-nft
ETH,Snally #0,0x00dca92b7fbd0c01f3508756718807836ec82156,0,gotcha-gatcha-nft
ETH,Starla #11,0x00dca92b7fbd0c01f3508756718807836ec82156,11,gotcha-gatcha-nft
ETH,Wiz #9,0x00dca92b7fbd0c01f3508756718807836ec82156,9,gotcha-gatcha-nft
ETH,Forest Wiz #5,0x00dca92b7fbd0c01f3508756718807836ec82156,5,gotcha-gatcha-nft
ETH,Fellie #4,0x00dca92b7fbd0c01f3508756718807836ec82156,4,gotcha-gatcha-nft
ETH,Wiz #3,0x00dca92b7fbd0c01f3508756718807836ec82156,3,gotcha-gatcha-nft
